dashboard=http://127.0.0.1:8766
EURUSD side=hold confidence=0.93 reason=AI provisional sell: no strict validation-qualified models; probability 0.93 vs 0.09, gap 0.83, validation accuracy 15.3%, precision 11.3%, models 6, rows 214; RSI 66.8, ADX 37.1, ATR 2.7 pips, return_3 0.032%, volatility ratio 0.99; provisional validation accuracy below 0.45
GBPUSD side=hold confidence=0.79 reason=AI provisional sell: no strict validation-qualified models; probability 0.79 vs 0.10, gap 0.69, validation accuracy 23.8%, precision 14.9%, models 6, rows 214; RSI 64.7, ADX 23.2, ATR 3.7 pips, return_3 0.027%, volatility ratio 0.96; provisional validation accuracy below 0.45
USDJPY side=hold confidence=0.83 reason=AI provisional sell: no strict validation-qualified models; probability 0.83 vs 0.08, gap 0.75, validation accuracy 38.6%, precision 39.8%, models 6, rows 214; RSI 56.1, ADX 13.8, ATR 1.8 pips, return_3 0.001%, volatility ratio 0.70; provisional validation accuracy below 0.45
USDCHF side=hold confidence=0.15 reason=AI ensemble sell: probability 0.15 vs 0.00, gap 0.15, validation accuracy 63.9%, precision 100.0%, models 2, rows 214; RSI 41.4, ADX 20.5, ATR 2.2 pips, return_3 -0.026%, volatility ratio 0.88; probability below 0.68
AUDUSD side=hold confidence=0.95 reason=AI provisional sell: no strict validation-qualified models; probability 0.95 vs 0.02, gap 0.93, validation accuracy 36.5%, precision 14.6%, models 6, rows 214; RSI 59.0, ADX 27.1, ATR 2.3 pips, return_3 0.051%, volatility ratio 0.74; provisional validation accuracy below 0.45
USDCAD side=hold confidence=0.03 reason=AI ensemble sell: probability 0.03 vs 0.00, gap 0.03, validation accuracy 67.4%, precision 96.6%, models 2, rows 211; RSI 33.4, ADX 45.8, ATR 2.5 pips, return_3 -0.008%, volatility ratio 0.68; probability below 0.68
EURUSD side=hold confidence=0.93 reason=AI provisional sell: no strict validation-qualified models; probability 0.93 vs 0.08, gap 0.84, validation accuracy 15.3%, precision 11.3%, models 6, rows 214; RSI 62.1, ADX 37.1, ATR 2.7 pips, return_3 0.010%, volatility ratio 0.88; provisional validation accuracy below 0.45
GBPUSD side=hold confidence=0.68 reason=AI provisional sell: no strict validation-qualified models; probability 0.68 vs 0.23, gap 0.44, validation accuracy 23.8%, precision 14.9%, models 6, rows 214; RSI 59.6, ADX 23.3, ATR 3.8 pips, return_3 0.004%, volatility ratio 0.88; provisional validation accuracy below 0.45
USDJPY side=hold confidence=0.89 reason=AI provisional sell: no strict validation-qualified models; probability 0.89 vs 0.06, gap 0.83, validation accuracy 38.6%, precision 39.8%, models 6, rows 214; RSI 63.0, ADX 13.8, ATR 1.9 pips, return_3 0.008%, volatility ratio 0.66; provisional validation accuracy below 0.45
USDCHF side=hold confidence=0.17 reason=AI ensemble sell: probability 0.17 vs 0.00, gap 0.17, validation accuracy 63.0%, precision 100.0%, models 2, rows 214; RSI 47.0, ADX 20.7, ATR 2.3 pips, return_3 -0.003%, volatility ratio 0.76; probability below 0.68
AUDUSD side=hold confidence=0.92 reason=AI provisional sell: no strict validation-qualified models; probability 0.92 vs 0.04, gap 0.88, validation accuracy 37.4%, precision 17.3%, models 6, rows 214; RSI 54.3, ADX 27.2, ATR 2.4 pips, return_3 0.026%, volatility ratio 0.70; provisional validation accuracy below 0.45
USDCAD side=hold confidence=0.03 reason=AI ensemble sell: probability 0.03 vs 0.00, gap 0.03, validation accuracy 68.3%, precision 96.6%, models 2, rows 211; RSI 38.8, ADX 45.8, ATR 2.5 pips, return_3 0.004%, volatility ratio 0.66; probability below 0.68
EURUSD side=hold confidence=0.94 reason=AI provisional sell: no strict validation-qualified models; probability 0.94 vs 0.06, gap 0.88, validation accuracy 15.3%, precision 11.3%, models 6, rows 214; RSI 63.7, ADX 37.1, ATR 2.7 pips, return_3 0.016%, volatility ratio 0.90; provisional validation accuracy below 0.45
GBPUSD side=hold confidence=0.74 reason=AI provisional sell: no strict validation-qualified models; probability 0.74 vs 0.18, gap 0.56, validation accuracy 23.8%, precision 14.9%, models 6, rows 214; RSI 62.1, ADX 23.3, ATR 3.8 pips, return_3 0.014%, volatility ratio 0.90; provisional validation accuracy below 0.45
USDJPY side=hold confidence=0.85 reason=AI provisional sell: no strict validation-qualified models; probability 0.85 vs 0.11, gap 0.73, validation accuracy 38.6%, precision 39.8%, models 6, rows 214; RSI 58.2, ADX 13.8, ATR 1.9 pips, return_3 0.002%, volatility ratio 0.67; provisional validation accuracy below 0.45
USDCHF side=hold confidence=0.11 reason=AI ensemble sell: probability 0.11 vs 0.00, gap 0.11, validation accuracy 63.9%, precision 100.0%, models 2, rows 214; RSI 44.5, ADX 20.7, ATR 2.3 pips, return_3 -0.013%, volatility ratio 0.80; probability below 0.68
AUDUSD side=hold confidence=0.92 reason=AI provisional sell: no strict validation-qualified models; probability 0.92 vs 0.04, gap 0.87, validation accuracy 36.5%, precision 14.6%, models 6, rows 214; RSI 56.3, ADX 27.2, ATR 2.4 pips, return_3 0.035%, volatility ratio 0.70; provisional validation accuracy below 0.45
USDCAD side=hold confidence=0.05 reason=AI ensemble sell: probability 0.05 vs 0.00, gap 0.05, validation accuracy 68.3%, precision 96.6%, models 2, rows 211; RSI 42.9, ADX 44.6, ATR 2.6 pips, return_3 0.011%, volatility ratio 0.70; probability below 0.68
EURUSD side=hold confidence=0.95 reason=AI provisional sell: no strict validation-qualified models; probability 0.95 vs 0.04, gap 0.91, validation accuracy 15.3%, precision 11.3%, models 6, rows 214; RSI 63.9, ADX 37.1, ATR 2.7 pips, return_3 0.017%, volatility ratio 0.91; provisional validation accuracy below 0.45
GBPUSD side=hold confidence=0.75 reason=AI provisional sell: no strict validation-qualified models; probability 0.75 vs 0.19, gap 0.56, validation accuracy 23.8%, precision 14.9%, models 6, rows 214; RSI 61.9, ADX 23.3, ATR 3.8 pips, return_3 0.013%, volatility ratio 0.90; provisional validation accuracy below 0.45
USDJPY side=hold confidence=0.86 reason=AI provisional sell: no strict validation-qualified models; probability 0.86 vs 0.12, gap 0.74, validation accuracy 38.6%, precision 39.8%, models 6, rows 214; RSI 60.2, ADX 13.8, ATR 1.9 pips, return_3 0.004%, volatility ratio 0.66; provisional validation accuracy below 0.45
USDCHF side=hold confidence=0.10 reason=AI ensemble sell: probability 0.10 vs 0.00, gap 0.10, validation accuracy 63.0%, precision 100.0%, models 2, rows 214; RSI 46.0, ADX 20.7, ATR 2.3 pips, return_3 -0.006%, volatility ratio 0.77; probability below 0.68
AUDUSD side=hold confidence=0.91 reason=AI provisional sell: no strict validation-qualified models; probability 0.91 vs 0.05, gap 0.86, validation accuracy 36.5%, precision 14.6%, models 6, rows 214; RSI 58.1, ADX 27.2, ATR 2.4 pips, return_3 0.045%, volatility ratio 0.72; provisional validation accuracy below 0.45
USDCAD side=hold confidence=0.04 reason=AI ensemble sell: probability 0.04 vs 0.00, gap 0.04, validation accuracy 68.3%, precision 96.6%, models 2, rows 211; RSI 40.9, ADX 44.6, ATR 2.6 pips, return_3 0.007%, volatility ratio 0.68; probability below 0.68
EURUSD side=hold confidence=0.95 reason=AI provisional sell: no strict validation-qualified models; probability 0.95 vs 0.04, gap 0.91, validation accuracy 15.3%, precision 11.3%, models 6, rows 214; RSI 61.9, ADX 37.1, ATR 2.7 pips, return_3 0.009%, volatility ratio 0.88; provisional validation accuracy below 0.45
GBPUSD side=hold confidence=0.71 reason=AI provisional sell: no strict validation-qualified models; probability 0.71 vs 0.27, gap 0.44, validation accuracy 23.8%, precision 14.9%, models 6, rows 214; RSI 58.9, ADX 23.3, ATR 3.8 pips, return_3 0.001%, volatility ratio 0.88; provisional validation accuracy below 0.45
USDJPY side=hold confidence=0.90 reason=AI provisional sell: no strict validation-qualified models; probability 0.90 vs 0.11, gap 0.80, validation accuracy 38.6%, precision 39.8%, models 6, rows 214; RSI 63.8, ADX 13.8, ATR 1.9 pips, return_3 0.009%, volatility ratio 0.68; provisional validation accuracy below 0.45
USDCHF side=hold confidence=0.10 reason=AI ensemble sell: probability 0.10 vs 0.00, gap 0.10, validation accuracy 63.0%, precision 100.0%, models 2, rows 214; RSI 48.1, ADX 20.7, ATR 2.3 pips, return_3 0.001%, volatility ratio 0.75; probability below 0.68
AUDUSD side=hold confidence=0.88 reason=AI provisional sell: no strict validation-qualified models; probability 0.88 vs 0.08, gap 0.80, validation accuracy 36.5%, precision 14.6%, models 6, rows 214; RSI 56.0, ADX 27.4, ATR 2.4 pips, return_3 0.034%, volatility ratio 0.70; provisional validation accuracy below 0.45
USDCAD side=hold confidence=0.05 reason=AI ensemble sell: probability 0.05 vs 0.00, gap 0.05, validation accuracy 68.3%, precision 96.6%, models 2, rows 211; RSI 46.4, ADX 44.2, ATR 2.7 pips, return_3 0.018%, volatility ratio 0.78; probability below 0.68
EURUSD side=hold confidence=0.86 reason=AI provisional sell: no strict validation-qualified models; probability 0.86 vs 0.12, gap 0.73, validation accuracy 14.8%, precision 11.4%, models 6, rows 214; RSI 62.2, ADX 37.5, ATR 2.6 pips, return_3 -0.002%, volatility ratio 0.87; provisional validation accuracy below 0.45
GBPUSD side=hold confidence=0.76 reason=AI provisional sell: no strict validation-qualified models; probability 0.76 vs 0.11, gap 0.65, validation accuracy 23.8%, precision 15.9%, models 6, rows 214; RSI 55.7, ADX 23.5, ATR 3.6 pips, return_3 -0.016%, volatility ratio 0.96; provisional validation accuracy below 0.45
USDJPY side=hold confidence=0.04 reason=AI ensemble buy: probability 0.04 vs 0.00, gap 0.04, validation accuracy 60.4%, precision 100.0%, models 1, rows 211; RSI 60.1, ADX 12.9, ATR 1.8 pips, return_3 0.002%, volatility ratio 0.75; probability below 0.68
USDCHF side=hold confidence=0.11 reason=AI ensemble sell: probability 0.11 vs 0.00, gap 0.11, validation accuracy 63.9%, precision 100.0%, models 2, rows 214; RSI 46.6, ADX 20.9, ATR 2.2 pips, return_3 -0.001%, volatility ratio 0.78; probability below 0.68
AUDUSD side=hold confidence=0.03 reason=AI ensemble buy: probability 0.03 vs 0.00, gap 0.03, validation accuracy 66.7%, precision 100.0%, models 1, rows 214; RSI 55.2, ADX 28.1, ATR 2.3 pips, return_3 0.014%, volatility ratio 0.83; probability below 0.68
USDCAD side=hold confidence=0.07 reason=AI ensemble sell: probability 0.07 vs 0.00, gap 0.07, validation accuracy 71.9%, precision 80.9%, models 2, rows 211; RSI 47.2, ADX 42.2, ATR 2.6 pips, return_3 0.023%, volatility ratio 0.80; probability below 0.68
EURUSD side=hold confidence=0.88 reason=AI provisional sell: no strict validation-qualified models; probability 0.88 vs 0.10, gap 0.78, validation accuracy 14.8%, precision 11.4%, models 6, rows 214; RSI 64.7, ADX 37.5, ATR 2.7 pips, return_3 0.009%, volatility ratio 0.90; provisional validation accuracy below 0.45
GBPUSD side=hold confidence=0.76 reason=AI provisional sell: no strict validation-qualified models; probability 0.76 vs 0.11, gap 0.64, validation accuracy 23.3%, precision 14.2%, models 6, rows 214; RSI 60.4, ADX 23.5, ATR 3.8 pips, return_3 0.002%, volatility ratio 1.01; provisional validation accuracy below 0.45
USDJPY side=hold confidence=0.06 reason=AI ensemble buy: probability 0.06 vs 0.00, gap 0.06, validation accuracy 60.4%, precision 100.0%, models 1, rows 211; RSI 62.6, ADX 12.9, ATR 1.9 pips, return_3 0.005%, volatility ratio 0.72; probability below 0.68
USDCHF side=hold confidence=0.10 reason=AI ensemble sell: probability 0.10 vs 0.00, gap 0.10, validation accuracy 63.9%, precision 100.0%, models 2, rows 214; RSI 43.9, ADX 20.8, ATR 2.2 pips, return_3 -0.011%, volatility ratio 0.82; probability below 0.68
AUDUSD side=hold confidence=0.08 reason=AI ensemble buy: probability 0.08 vs 0.00, gap 0.08, validation accuracy 64.8%, precision 100.0%, models 1, rows 214; RSI 60.3, ADX 28.1, ATR 2.4 pips, return_3 0.041%, volatility ratio 0.89; probability below 0.68
USDCAD side=hold confidence=0.07 reason=AI ensemble sell: probability 0.07 vs 0.00, gap 0.07, validation accuracy 71.9%, precision 80.9%, models 2, rows 211; RSI 44.3, ADX 41.8, ATR 2.6 pips, return_3 0.017%, volatility ratio 0.82; probability below 0.68
EURUSD side=hold confidence=0.91 reason=AI provisional sell: no strict validation-qualified models; probability 0.91 vs 0.07, gap 0.84, validation accuracy 14.8%, precision 11.4%, models 6, rows 214; RSI 65.0, ADX 37.5, ATR 2.8 pips, return_3 0.010%, volatility ratio 0.90; provisional validation accuracy below 0.45
GBPUSD side=hold confidence=0.75 reason=AI provisional sell: no strict validation-qualified models; probability 0.75 vs 0.15, gap 0.60, validation accuracy 23.3%, precision 14.2%, models 6, rows 214; RSI 58.8, ADX 23.5, ATR 3.8 pips, return_3 -0.004%, volatility ratio 0.98; provisional validation accuracy below 0.45
USDJPY side=hold confidence=0.05 reason=AI ensemble buy: probability 0.05 vs 0.00, gap 0.05, validation accuracy 60.4%, precision 100.0%, models 1, rows 211; RSI 63.6, ADX 13.0, ATR 1.9 pips, return_3 0.006%, volatility ratio 0.72; probability below 0.68
USDCHF side=hold confidence=0.08 reason=AI ensemble sell: probability 0.08 vs 0.00, gap 0.08, validation accuracy 62.9%, precision 100.0%, models 2, rows 214; RSI 43.0, ADX 20.8, ATR 2.3 pips, return_3 -0.015%, volatility ratio 0.84; probability below 0.68
AUDUSD side=hold confidence=0.10 reason=AI ensemble buy: probability 0.10 vs 0.00, gap 0.10, validation accuracy 64.8%, precision 100.0%, models 1, rows 214; RSI 57.2, ADX 28.1, ATR 2.4 pips, return_3 0.024%, volatility ratio 0.84; probability below 0.68
USDCAD side=hold confidence=0.07 reason=AI ensemble sell: probability 0.07 vs 0.00, gap 0.07, validation accuracy 71.9%, precision 80.9%, models 2, rows 211; RSI 49.2, ADX 41.8, ATR 2.6 pips, return_3 0.027%, volatility ratio 0.80; probability below 0.68
EURUSD side=hold confidence=0.92 reason=AI provisional sell: no strict validation-qualified models; probability 0.92 vs 0.05, gap 0.87, validation accuracy 14.8%, precision 11.4%, models 6, rows 214; RSI 64.7, ADX 37.5, ATR 2.8 pips, return_3 0.009%, volatility ratio 0.90; provisional validation accuracy below 0.45
GBPUSD side=hold confidence=0.73 reason=AI provisional sell: no strict validation-qualified models; probability 0.73 vs 0.23, gap 0.50, validation accuracy 23.8%, precision 15.9%, models 6, rows 214; RSI 56.5, ADX 23.2, ATR 3.9 pips, return_3 -0.013%, volatility ratio 0.96; provisional validation accuracy below 0.45
USDJPY side=hold confidence=0.06 reason=AI ensemble buy: probability 0.06 vs 0.00, gap 0.06, validation accuracy 60.4%, precision 100.0%, models 1, rows 211; RSI 63.6, ADX 13.3, ATR 1.9 pips, return_3 0.006%, volatility ratio 0.72; probability below 0.68
USDCHF side=hold confidence=0.06 reason=AI ensemble sell: probability 0.06 vs 0.00, gap 0.06, validation accuracy 62.9%, precision 100.0%, models 2, rows 214; RSI 40.4, ADX 20.8, ATR 2.3 pips, return_3 -0.026%, volatility ratio 0.91; probability below 0.68
AUDUSD side=hold confidence=0.15 reason=AI ensemble buy: probability 0.15 vs 0.00, gap 0.15, validation accuracy 64.8%, precision 100.0%, models 1, rows 214; RSI 56.6, ADX 27.9, ATR 2.5 pips, return_3 0.021%, volatility ratio 0.84; probability below 0.68
USDCAD side=hold confidence=0.08 reason=AI ensemble sell: probability 0.08 vs 0.00, gap 0.08, validation accuracy 71.9%, precision 80.9%, models 2, rows 211; RSI 49.8, ADX 41.3, ATR 2.7 pips, return_3 0.029%, volatility ratio 0.80; probability below 0.68
EURUSD side=hold confidence=0.93 reason=AI provisional sell: no strict validation-qualified models; probability 0.93 vs 0.04, gap 0.89, validation accuracy 14.8%, precision 11.4%, models 6, rows 214; RSI 66.8, ADX 37.5, ATR 2.8 pips, return_3 0.019%, volatility ratio 0.95; provisional validation accuracy below 0.45
GBPUSD side=hold confidence=0.78 reason=AI provisional sell: no strict validation-qualified models; probability 0.78 vs 0.13, gap 0.65, validation accuracy 23.3%, precision 14.2%, models 6, rows 214; RSI 63.0, ADX 23.2, ATR 3.9 pips, return_3 0.014%, volatility ratio 1.07; provisional validation accuracy below 0.45
USDJPY side=hold confidence=0.11 reason=AI ensemble buy: probability 0.11 vs 0.00, gap 0.11, validation accuracy 62.3%, precision 100.0%, models 1, rows 211; RSI 57.9, ADX 13.3, ATR 1.9 pips, return_3 0.001%, volatility ratio 0.77; probability below 0.68
USDCHF side=hold confidence=0.09 reason=AI ensemble sell: probability 0.09 vs 0.00, gap 0.09, validation accuracy 70.4%, precision 100.0%, models 1, rows 214; RSI 38.4, ADX 21.0, ATR 2.4 pips, return_3 -0.036%, volatility ratio 0.99; probability below 0.68
AUDUSD side=hold confidence=0.18 reason=AI ensemble buy: probability 0.18 vs 0.00, gap 0.18, validation accuracy 64.8%, precision 100.0%, models 1, rows 214; RSI 59.3, ADX 27.9, ATR 2.5 pips, return_3 0.035%, volatility ratio 0.87; probability below 0.68
USDCAD side=hold confidence=0.07 reason=AI ensemble sell: probability 0.07 vs 0.00, gap 0.07, validation accuracy 71.9%, precision 80.9%, models 2, rows 211; RSI 49.8, ADX 41.3, ATR 2.7 pips, return_3 0.029%, volatility ratio 0.80; probability below 0.68
EURUSD side=hold confidence=0.90 reason=AI provisional sell: no strict validation-qualified models; probability 0.90 vs 0.11, gap 0.79, validation accuracy 14.6%, precision 11.8%, models 6, rows 214; RSI 66.5, ADX 38.1, ATR 2.7 pips, return_3 0.026%, volatility ratio 0.89; provisional validation accuracy below 0.45
GBPUSD side=hold confidence=0.74 reason=AI provisional sell: no strict validation-qualified models; probability 0.74 vs 0.11, gap 0.64, validation accuracy 25.4%, precision 16.2%, models 6, rows 214; RSI 63.3, ADX 23.2, ATR 3.7 pips, return_3 0.021%, volatility ratio 1.10; provisional validation accuracy below 0.45
USDJPY side=hold confidence=0.96 reason=AI provisional sell: no strict validation-qualified models; probability 0.96 vs 0.03, gap 0.93, validation accuracy 34.2%, precision 33.7%, models 6, rows 214; RSI 63.9, ADX 12.7, ATR 1.9 pips, return_3 0.007%, volatility ratio 0.83; provisional validation accuracy below 0.45
USDCHF side=hold confidence=0.09 reason=AI ensemble sell: probability 0.09 vs 0.00, gap 0.09, validation accuracy 64.6%, precision 100.0%, models 2, rows 214; RSI 39.3, ADX 21.8, ATR 2.3 pips, return_3 -0.039%, volatility ratio 0.96; probability below 0.68
AUDUSD side=hold confidence=0.05 reason=AI ensemble buy: probability 0.05 vs 0.00, gap 0.05, validation accuracy 63.0%, precision 100.0%, models 1, rows 214; RSI 58.8, ADX 28.3, ATR 2.3 pips, return_3 0.021%, volatility ratio 0.90; probability below 0.68
USDCAD side=hold confidence=0.08 reason=AI ensemble sell: probability 0.08 vs 0.00, gap 0.08, validation accuracy 70.1%, precision 95.7%, models 2, rows 211; RSI 44.4, ADX 38.7, ATR 2.6 pips, return_3 0.014%, volatility ratio 0.85; probability below 0.68
EURUSD side=hold confidence=0.89 reason=AI provisional sell: no strict validation-qualified models; probability 0.89 vs 0.10, gap 0.79, validation accuracy 14.6%, precision 11.8%, models 6, rows 214; RSI 67.6, ADX 38.1, ATR 2.7 pips, return_3 0.031%, volatility ratio 0.89; provisional validation accuracy below 0.45
GBPUSD side=hold confidence=0.73 reason=AI provisional sell: no strict validation-qualified models; probability 0.73 vs 0.13, gap 0.61, validation accuracy 25.4%, precision 16.2%, models 6, rows 214; RSI 63.8, ADX 23.4, ATR 3.8 pips, return_3 0.023%, volatility ratio 1.10; provisional validation accuracy below 0.45
USDJPY side=hold confidence=0.93 reason=AI provisional sell: no strict validation-qualified models; probability 0.93 vs 0.06, gap 0.86, validation accuracy 34.2%, precision 33.7%, models 6, rows 214; RSI 57.1, ADX 12.7, ATR 1.9 pips, return_3 -0.001%, volatility ratio 0.81; provisional validation accuracy below 0.45
USDCHF side=hold confidence=0.06 reason=AI ensemble sell: probability 0.06 vs 0.00, gap 0.06, validation accuracy 64.6%, precision 100.0%, models 2, rows 214; RSI 37.6, ADX 21.8, ATR 2.3 pips, return_3 -0.046%, volatility ratio 0.96; probability below 0.68
AUDUSD side=hold confidence=0.06 reason=AI ensemble buy: probability 0.06 vs 0.00, gap 0.06, validation accuracy 63.0%, precision 100.0%, models 1, rows 214; RSI 59.9, ADX 28.3, ATR 2.4 pips, return_3 0.027%, volatility ratio 0.91; probability below 0.68
USDCAD side=hold confidence=0.08 reason=AI ensemble sell: probability 0.08 vs 0.00, gap 0.08, validation accuracy 70.1%, precision 95.7%, models 2, rows 211; RSI 43.2, ADX 38.9, ATR 2.6 pips, return_3 0.011%, volatility ratio 0.87; probability below 0.68
EURUSD side=hold confidence=0.90 reason=AI provisional sell: no strict validation-qualified models; probability 0.90 vs 0.08, gap 0.82, validation accuracy 14.6%, precision 11.8%, models 6, rows 214; RSI 67.4, ADX 38.1, ATR 2.7 pips, return_3 0.030%, volatility ratio 0.89; provisional validation accuracy below 0.45
GBPUSD side=hold confidence=0.75 reason=AI provisional sell: no strict validation-qualified models; probability 0.75 vs 0.12, gap 0.63, validation accuracy 25.4%, precision 16.2%, models 6, rows 214; RSI 64.1, ADX 23.4, ATR 3.8 pips, return_3 0.025%, volatility ratio 1.10; provisional validation accuracy below 0.45
USDJPY side=hold confidence=0.93 reason=AI provisional sell: no strict validation-qualified models; probability 0.93 vs 0.07, gap 0.85, validation accuracy 34.2%, precision 33.7%, models 6, rows 214; RSI 57.8, ADX 12.7, ATR 1.9 pips, return_3 -0.001%, volatility ratio 0.81; provisional validation accuracy below 0.45
USDCHF side=hold confidence=0.06 reason=AI ensemble sell: probability 0.06 vs 0.00, gap 0.06, validation accuracy 64.6%, precision 100.0%, models 2, rows 214; RSI 37.3, ADX 21.8, ATR 2.3 pips, return_3 -0.048%, volatility ratio 0.97; probability below 0.68
AUDUSD side=hold confidence=0.07 reason=AI ensemble buy: probability 0.07 vs 0.00, gap 0.07, validation accuracy 63.0%, precision 100.0%, models 1, rows 214; RSI 58.1, ADX 28.3, ATR 2.4 pips, return_3 0.018%, volatility ratio 0.90; probability below 0.68
USDCAD side=hold confidence=0.06 reason=AI ensemble sell: probability 0.06 vs 0.00, gap 0.06, validation accuracy 70.1%, precision 95.7%, models 2, rows 211; RSI 47.2, ADX 38.9, ATR 2.6 pips, return_3 0.021%, volatility ratio 0.82; probability below 0.68
EURUSD side=hold confidence=0.91 reason=AI provisional sell: no strict validation-qualified models; probability 0.91 vs 0.07, gap 0.84, validation accuracy 14.6%, precision 11.8%, models 6, rows 214; RSI 67.4, ADX 38.2, ATR 2.7 pips, return_3 0.030%, volatility ratio 0.89; provisional validation accuracy below 0.45
GBPUSD side=hold confidence=0.77 reason=AI provisional sell: no strict validation-qualified models; probability 0.77 vs 0.11, gap 0.67, validation accuracy 25.4%, precision 16.2%, models 6, rows 214; RSI 64.7, ADX 23.4, ATR 3.8 pips, return_3 0.028%, volatility ratio 1.11; provisional validation accuracy below 0.45
USDJPY side=hold confidence=0.93 reason=AI provisional sell: no strict validation-qualified models; probability 0.93 vs 0.08, gap 0.86, validation accuracy 34.2%, precision 33.7%, models 6, rows 214; RSI 59.7, ADX 12.7, ATR 1.9 pips, return_3 0.001%, volatility ratio 0.80; provisional validation accuracy below 0.45
USDCHF side=hold confidence=0.05 reason=AI ensemble sell: probability 0.05 vs 0.00, gap 0.05, validation accuracy 64.6%, precision 100.0%, models 2, rows 214; RSI 36.6, ADX 21.8, ATR 2.4 pips, return_3 -0.052%, volatility ratio 0.97; probability below 0.68
AUDUSD side=hold confidence=0.07 reason=AI ensemble buy: probability 0.07 vs 0.00, gap 0.07, validation accuracy 64.8%, precision 100.0%, models 1, rows 214; RSI 57.0, ADX 28.3, ATR 2.4 pips, return_3 0.014%, volatility ratio 0.91; probability below 0.68
USDCAD side=hold confidence=0.06 reason=AI ensemble sell: probability 0.06 vs 0.00, gap 0.06, validation accuracy 70.1%, precision 95.7%, models 2, rows 211; RSI 43.2, ADX 39.1, ATR 2.7 pips, return_3 0.011%, volatility ratio 0.87; probability below 0.68
EURUSD side=hold confidence=0.93 reason=AI provisional sell: no strict validation-qualified models; probability 0.93 vs 0.06, gap 0.87, validation accuracy 14.6%, precision 11.8%, models 6, rows 214; RSI 65.6, ADX 38.3, ATR 2.7 pips, return_3 0.023%, volatility ratio 0.90; provisional validation accuracy below 0.45
GBPUSD side=hold confidence=0.75 reason=AI provisional sell: no strict validation-qualified models; probability 0.75 vs 0.14, gap 0.61, validation accuracy 25.4%, precision 16.2%, models 6, rows 214; RSI 64.8, ADX 23.8, ATR 3.9 pips, return_3 0.028%, volatility ratio 1.11; provisional validation accuracy below 0.45
USDJPY side=hold confidence=0.91 reason=AI provisional sell: no strict validation-qualified models; probability 0.91 vs 0.13, gap 0.78, validation accuracy 34.2%, precision 33.7%, models 6, rows 214; RSI 56.3, ADX 12.6, ATR 1.9 pips, return_3 -0.002%, volatility ratio 0.82; provisional validation accuracy below 0.45
USDCHF side=hold confidence=0.06 reason=AI ensemble sell: probability 0.06 vs 0.00, gap 0.06, validation accuracy 64.6%, precision 100.0%, models 2, rows 214; RSI 37.1, ADX 22.0, ATR 2.4 pips, return_3 -0.049%, volatility ratio 0.97; probability below 0.68
AUDUSD side=hold confidence=0.09 reason=AI ensemble buy: probability 0.09 vs 0.00, gap 0.09, validation accuracy 64.8%, precision 100.0%, models 1, rows 214; RSI 53.5, ADX 28.3, ATR 2.4 pips, return_3 0.000%, volatility ratio 0.94; probability below 0.68
USDCAD side=hold confidence=0.05 reason=AI ensemble sell: probability 0.05 vs 0.00, gap 0.05, validation accuracy 70.1%, precision 95.7%, models 2, rows 211; RSI 46.2, ADX 39.1, ATR 2.7 pips, return_3 0.019%, volatility ratio 0.83; probability below 0.68
EURUSD side=hold confidence=0.89 reason=AI provisional sell: no strict validation-qualified models; probability 0.89 vs 0.11, gap 0.78, validation accuracy 14.1%, precision 12.6%, models 6, rows 214; RSI 66.0, ADX 38.9, ATR 2.6 pips, return_3 0.022%, volatility ratio 0.91; provisional validation accuracy below 0.45
GBPUSD side=hold confidence=0.75 reason=AI provisional sell: no strict validation-qualified models; probability 0.75 vs 0.09, gap 0.66, validation accuracy 24.2%, precision 14.2%, models 6, rows 214; RSI 65.2, ADX 24.3, ATR 3.7 pips, return_3 0.039%, volatility ratio 1.11; provisional validation accuracy below 0.45
USDJPY side=hold confidence=0.86 reason=AI provisional sell: no strict validation-qualified models; probability 0.86 vs 0.09, gap 0.77, validation accuracy 30.2%, precision 31.4%, models 6, rows 214; RSI 55.5, ADX 12.0, ATR 1.8 pips, return_3 -0.005%, volatility ratio 0.76; provisional validation accuracy below 0.45
USDCHF side=hold confidence=0.08 reason=AI ensemble sell: probability 0.08 vs 0.00, gap 0.08, validation accuracy 67.4%, precision 89.1%, models 2, rows 214; RSI 37.7, ADX 22.7, ATR 2.3 pips, return_3 -0.046%, volatility ratio 0.97; probability below 0.68
AUDUSD side=hold confidence=0.05 reason=AI ensemble buy: probability 0.05 vs 0.00, gap 0.05, validation accuracy 64.8%, precision 100.0%, models 1, rows 214; RSI 54.1, ADX 28.8, ATR 2.3 pips, return_3 0.000%, volatility ratio 1.04; probability below 0.68
USDCAD side=hold confidence=0.11 reason=AI ensemble sell: probability 0.11 vs 0.00, gap 0.11, validation accuracy 71.3%, precision 88.1%, models 2, rows 211; RSI 47.2, ADX 37.1, ATR 2.5 pips, return_3 0.002%, volatility ratio 0.85; probability below 0.68
EURUSD side=hold confidence=0.87 reason=AI provisional sell: no strict validation-qualified models; probability 0.87 vs 0.12, gap 0.74, validation accuracy 14.1%, precision 12.6%, models 6, rows 214; RSI 63.7, ADX 38.1, ATR 2.7 pips, return_3 0.016%, volatility ratio 0.92; provisional validation accuracy below 0.45
GBPUSD side=hold confidence=0.70 reason=AI provisional sell: no strict validation-qualified models; probability 0.70 vs 0.17, gap 0.53, validation accuracy 24.2%, precision 14.2%, models 6, rows 214; RSI 62.9, ADX 24.3, ATR 3.7 pips, return_3 0.029%, volatility ratio 1.11; provisional validation accuracy below 0.45
USDJPY side=hold confidence=0.90 reason=AI provisional sell: no strict validation-qualified models; probability 0.90 vs 0.08, gap 0.82, validation accuracy 30.2%, precision 31.4%, models 6, rows 214; RSI 59.1, ADX 12.0, ATR 1.8 pips, return_3 -0.001%, volatility ratio 0.76; provisional validation accuracy below 0.45
USDCHF side=hold confidence=0.09 reason=AI ensemble sell: probability 0.09 vs 0.00, gap 0.09, validation accuracy 67.4%, precision 89.1%, models 2, rows 214; RSI 39.4, ADX 22.7, ATR 2.3 pips, return_3 -0.041%, volatility ratio 0.98; probability below 0.68
AUDUSD side=hold confidence=0.06 reason=AI ensemble buy: probability 0.06 vs 0.00, gap 0.06, validation accuracy 64.8%, precision 100.0%, models 1, rows 214; RSI 50.1, ADX 27.9, ATR 2.4 pips, return_3 -0.017%, volatility ratio 1.07; probability below 0.68
USDCAD side=hold confidence=0.12 reason=AI ensemble sell: probability 0.12 vs 0.00, gap 0.12, validation accuracy 71.3%, precision 88.1%, models 2, rows 211; RSI 44.8, ADX 37.1, ATR 2.6 pips, return_3 -0.003%, volatility ratio 0.87; probability below 0.68
EURUSD side=hold confidence=0.87 reason=AI provisional sell: no strict validation-qualified models; probability 0.87 vs 0.12, gap 0.76, validation accuracy 14.1%, precision 12.6%, models 6, rows 214; RSI 61.2, ADX 38.0, ATR 2.7 pips, return_3 0.010%, volatility ratio 0.94; provisional validation accuracy below 0.45
GBPUSD side=hold confidence=0.68 reason=AI provisional sell: no strict validation-qualified models; probability 0.68 vs 0.19, gap 0.49, validation accuracy 24.2%, precision 14.2%, models 6, rows 214; RSI 61.5, ADX 24.2, ATR 3.8 pips, return_3 0.025%, volatility ratio 1.12; provisional validation accuracy below 0.45
USDJPY side=hold confidence=0.89 reason=AI provisional sell: no strict validation-qualified models; probability 0.89 vs 0.10, gap 0.79, validation accuracy 30.2%, precision 31.4%, models 6, rows 214; RSI 58.1, ADX 12.0, ATR 1.8 pips, return_3 -0.002%, volatility ratio 0.76; provisional validation accuracy below 0.45
USDCHF side=hold confidence=0.09 reason=AI ensemble sell: probability 0.09 vs 0.00, gap 0.09, validation accuracy 67.4%, precision 89.1%, models 2, rows 214; RSI 39.8, ADX 22.7, ATR 2.3 pips, return_3 -0.040%, volatility ratio 0.98; probability below 0.68
AUDUSD side=hold confidence=0.07 reason=AI ensemble buy: probability 0.07 vs 0.00, gap 0.07, validation accuracy 64.8%, precision 100.0%, models 1, rows 214; RSI 50.4, ADX 27.9, ATR 2.4 pips, return_3 -0.016%, volatility ratio 1.07; probability below 0.68
USDCAD side=hold confidence=0.14 reason=AI ensemble sell: probability 0.14 vs 0.00, gap 0.14, validation accuracy 71.3%, precision 88.1%, models 2, rows 211; RSI 49.1, ADX 36.4, ATR 2.7 pips, return_3 0.006%, volatility ratio 0.84; probability below 0.68
exit success=True symbol=AUDUSD profit=0.01 reason=bot recovery profit exit 0.01 after 1026s negative
EURUSD side=hold confidence=0.86 reason=AI provisional sell: no strict validation-qualified models; probability 0.86 vs 0.11, gap 0.75, validation accuracy 14.1%, precision 12.6%, models 6, rows 214; RSI 58.0, ADX 37.2, ATR 2.8 pips, return_3 0.002%, volatility ratio 0.98; provisional validation accuracy below 0.45
GBPUSD side=hold confidence=0.66 reason=AI provisional sell: no strict validation-qualified models; probability 0.66 vs 0.24, gap 0.41, validation accuracy 24.2%, precision 14.2%, models 6, rows 214; RSI 59.9, ADX 23.7, ATR 3.9 pips, return_3 0.021%, volatility ratio 1.13; provisional validation accuracy below 0.45
USDJPY side=hold confidence=0.88 reason=AI provisional sell: no strict validation-qualified models; probability 0.88 vs 0.12, gap 0.76, validation accuracy 30.2%, precision 31.4%, models 6, rows 214; RSI 56.9, ADX 12.0, ATR 1.8 pips, return_3 -0.004%, volatility ratio 0.75; provisional validation accuracy below 0.45
USDCHF side=hold confidence=0.13 reason=AI ensemble sell: probability 0.13 vs 0.00, gap 0.13, validation accuracy 67.4%, precision 89.1%, models 2, rows 214; RSI 43.2, ADX 22.5, ATR 2.4 pips, return_3 -0.029%, volatility ratio 1.01; probability below 0.68
AUDUSD side=hold confidence=0.14 reason=AI ensemble buy: probability 0.14 vs 0.00, gap 0.14, validation accuracy 64.8%, precision 100.0%, models 1, rows 214; RSI 45.6, ADX 26.6, ATR 2.5 pips, return_3 -0.040%, volatility ratio 1.16; probability below 0.68
USDCAD side=hold confidence=0.18 reason=AI ensemble sell: probability 0.18 vs 0.00, gap 0.18, validation accuracy 71.3%, precision 88.1%, models 2, rows 211; RSI 55.6, ADX 36.8, ATR 2.8 pips, return_3 0.020%, volatility ratio 0.92; probability below 0.68
EURUSD side=hold confidence=0.86 reason=AI provisional sell: no strict validation-qualified models; probability 0.86 vs 0.10, gap 0.75, validation accuracy 14.1%, precision 12.6%, models 6, rows 214; RSI 58.0, ADX 37.1, ATR 2.8 pips, return_3 0.002%, volatility ratio 0.98; provisional validation accuracy below 0.45
GBPUSD side=hold confidence=0.64 reason=AI provisional sell: no strict validation-qualified models; probability 0.64 vs 0.27, gap 0.37, validation accuracy 24.2%, precision 14.2%, models 6, rows 214; RSI 58.4, ADX 23.6, ATR 3.9 pips, return_3 0.016%, volatility ratio 1.15; provisional validation accuracy below 0.45
USDJPY side=hold confidence=0.89 reason=AI provisional sell: no strict validation-qualified models; probability 0.89 vs 0.15, gap 0.74, validation accuracy 30.2%, precision 31.4%, models 6, rows 214; RSI 58.6, ADX 12.0, ATR 1.8 pips, return_3 -0.002%, volatility ratio 0.76; provisional validation accuracy below 0.45
USDCHF side=hold confidence=0.15 reason=AI ensemble sell: probability 0.15 vs 0.00, gap 0.15, validation accuracy 67.4%, precision 89.1%, models 2, rows 214; RSI 44.6, ADX 22.1, ATR 2.4 pips, return_3 -0.024%, volatility ratio 1.03; probability below 0.68
AUDUSD side=hold confidence=0.18 reason=AI ensemble buy: probability 0.18 vs 0.00, gap 0.18, validation accuracy 64.8%, precision 100.0%, models 1, rows 214; RSI 43.6, ADX 26.4, ATR 2.6 pips, return_3 -0.051%, volatility ratio 1.21; probability below 0.68
USDCAD side=hold confidence=0.16 reason=AI ensemble sell: probability 0.16 vs 0.00, gap 0.16, validation accuracy 71.3%, precision 88.1%, models 2, rows 211; RSI 55.9, ADX 36.8, ATR 2.8 pips, return_3 0.021%, volatility ratio 0.92; probability below 0.68
EURUSD side=hold confidence=0.78 reason=AI provisional sell: no strict validation-qualified models; probability 0.78 vs 0.17, gap 0.61, validation accuracy 15.2%, precision 14.0%, models 6, rows 214; RSI 57.2, ADX 35.4, ATR 2.7 pips, return_3 -0.022%, volatility ratio 1.01; provisional validation accuracy below 0.45
GBPUSD side=hold confidence=0.73 reason=AI provisional sell: no strict validation-qualified models; probability 0.73 vs 0.13, gap 0.61, validation accuracy 21.5%, precision 13.0%, models 6, rows 214; RSI 59.1, ADX 23.3, ATR 3.7 pips, return_3 -0.007%, volatility ratio 1.14; provisional validation accuracy below 0.45
USDJPY side=hold confidence=0.89 reason=AI provisional sell: no strict validation-qualified models; probability 0.89 vs 0.08, gap 0.81, validation accuracy 26.6%, precision 25.2%, models 6, rows 214; RSI 56.4, ADX 11.4, ATR 1.8 pips, return_3 -0.001%, volatility ratio 0.78; provisional validation accuracy below 0.45
USDCHF side=hold confidence=0.28 reason=AI ensemble sell: probability 0.28 vs 0.00, gap 0.28, validation accuracy 69.2%, precision 93.2%, models 2, rows 214; RSI 46.9, ADX 21.0, ATR 2.4 pips, return_3 0.024%, volatility ratio 1.08; probability below 0.68
AUDUSD side=hold confidence=0.03 reason=AI ensemble buy: probability 0.03 vs 0.00, gap 0.03, validation accuracy 64.8%, precision 100.0%, models 1, rows 214; RSI 43.6, ADX 25.1, ATR 2.5 pips, return_3 -0.069%, volatility ratio 1.19; probability below 0.68
USDCAD side=hold confidence=0.31 reason=AI ensemble sell: probability 0.31 vs 0.00, gap 0.31, validation accuracy 84.6%, precision 91.2%, models 1, rows 205; RSI 56.7, ADX 35.4, ATR 2.7 pips, return_3 0.020%, volatility ratio 0.97; probability below 0.68
EURUSD side=hold confidence=0.83 reason=AI provisional sell: no strict validation-qualified models; probability 0.83 vs 0.15, gap 0.67, validation accuracy 15.2%, precision 14.0%, models 6, rows 214; RSI 56.7, ADX 35.4, ATR 2.7 pips, return_3 -0.024%, volatility ratio 1.01; provisional validation accuracy below 0.45
GBPUSD side=hold confidence=0.65 reason=AI provisional sell: no strict validation-qualified models; probability 0.65 vs 0.26, gap 0.39, validation accuracy 22.2%, precision 14.5%, models 6, rows 214; RSI 55.6, ADX 23.1, ATR 3.8 pips, return_3 -0.017%, volatility ratio 1.15; provisional validation accuracy below 0.45
USDJPY side=hold confidence=0.89 reason=AI provisional sell: no strict validation-qualified models; probability 0.89 vs 0.10, gap 0.78, validation accuracy 26.6%, precision 25.2%, models 6, rows 214; RSI 58.1, ADX 11.3, ATR 1.8 pips, return_3 0.000%, volatility ratio 0.78; provisional validation accuracy below 0.45
USDCHF side=hold confidence=0.29 reason=AI ensemble sell: probability 0.29 vs 0.00, gap 0.29, validation accuracy 69.2%, precision 93.2%, models 2, rows 214; RSI 47.2, ADX 21.0, ATR 2.4 pips, return_3 0.025%, volatility ratio 1.08; probability below 0.68
AUDUSD side=hold confidence=0.05 reason=AI ensemble buy: probability 0.05 vs 0.00, gap 0.05, validation accuracy 64.8%, precision 100.0%, models 1, rows 214; RSI 42.2, ADX 25.1, ATR 2.5 pips, return_3 -0.076%, volatility ratio 1.19; probability below 0.68
USDCAD side=hold confidence=0.41 reason=AI ensemble sell: probability 0.41 vs 0.00, gap 0.41, validation accuracy 84.6%, precision 91.2%, models 1, rows 205; RSI 61.6, ADX 35.9, ATR 2.8 pips, return_3 0.034%, volatility ratio 0.98; probability below 0.68
EURUSD side=hold confidence=0.82 reason=AI provisional sell: no strict validation-qualified models; probability 0.82 vs 0.15, gap 0.66, validation accuracy 15.0%, precision 13.8%, models 6, rows 214; RSI 54.7, ADX 35.3, ATR 2.7 pips, return_3 -0.030%, volatility ratio 1.02; provisional validation accuracy below 0.45
GBPUSD side=hold confidence=0.55 reason=AI provisional sell: no strict validation-qualified models; probability 0.55 vs 0.38, gap 0.17, validation accuracy 22.9%, precision 14.5%, models 6, rows 214; RSI 51.1, ADX 22.3, ATR 3.9 pips, return_3 -0.032%, volatility ratio 1.21; provisional validation accuracy below 0.45
USDJPY side=hold confidence=0.89 reason=AI provisional sell: no strict validation-qualified models; probability 0.89 vs 0.12, gap 0.77, validation accuracy 26.6%, precision 25.2%, models 6, rows 214; RSI 58.7, ADX 11.3, ATR 1.8 pips, return_3 0.001%, volatility ratio 0.78; provisional validation accuracy below 0.45
USDCHF side=hold confidence=0.45 reason=AI ensemble sell: probability 0.45 vs 0.00, gap 0.45, validation accuracy 69.2%, precision 93.2%, models 2, rows 214; RSI 51.7, ADX 20.4, ATR 2.5 pips, return_3 0.044%, volatility ratio 1.09; probability below 0.68
AUDUSD side=hold confidence=0.07 reason=AI ensemble buy: probability 0.07 vs 0.00, gap 0.07, validation accuracy 64.8%, precision 100.0%, models 1, rows 214; RSI 39.1, ADX 25.7, ATR 2.6 pips, return_3 -0.096%, volatility ratio 1.19; probability below 0.68
USDCAD side=hold confidence=0.53 reason=AI ensemble sell: probability 0.53 vs 0.00, gap 0.53, validation accuracy 84.6%, precision 91.2%, models 1, rows 205; RSI 67.2, ADX 36.7, ATR 3.0 pips, return_3 0.055%, volatility ratio 1.12; probability below 0.68
EURUSD side=hold confidence=0.82 reason=AI provisional sell: no strict validation-qualified models; probability 0.82 vs 0.12, gap 0.70, validation accuracy 15.2%, precision 14.0%, models 6, rows 214; RSI 57.6, ADX 35.1, ATR 2.8 pips, return_3 -0.021%, volatility ratio 1.01; provisional validation accuracy below 0.45
GBPUSD side=hold confidence=0.61 reason=AI provisional sell: no strict validation-qualified models; probability 0.61 vs 0.35, gap 0.26, validation accuracy 22.9%, precision 14.5%, models 6, rows 214; RSI 54.6, ADX 22.2, ATR 4.0 pips, return_3 -0.020%, volatility ratio 1.16; provisional validation accuracy below 0.45
USDJPY side=hold confidence=0.88 reason=AI provisional sell: no strict validation-qualified models; probability 0.88 vs 0.13, gap 0.75, validation accuracy 26.6%, precision 25.2%, models 6, rows 214; RSI 54.2, ADX 11.3, ATR 1.8 pips, return_3 -0.003%, volatility ratio 0.81; provisional validation accuracy below 0.45
USDCHF side=hold confidence=0.44 reason=AI ensemble sell: probability 0.44 vs 0.00, gap 0.44, validation accuracy 69.2%, precision 93.2%, models 2, rows 214; RSI 51.4, ADX 20.2, ATR 2.5 pips, return_3 0.043%, volatility ratio 1.09; probability below 0.68
AUDUSD side=hold confidence=0.11 reason=AI ensemble buy: probability 0.11 vs 0.00, gap 0.11, validation accuracy 64.8%, precision 100.0%, models 1, rows 214; RSI 39.9, ADX 25.8, ATR 2.6 pips, return_3 -0.091%, volatility ratio 1.18; probability below 0.68
USDCAD side=hold confidence=0.50 reason=AI ensemble sell: probability 0.50 vs 0.00, gap 0.50, validation accuracy 84.6%, precision 91.2%, models 1, rows 205; RSI 65.1, ADX 36.8, ATR 3.0 pips, return_3 0.046%, volatility ratio 1.05; probability below 0.68
EURUSD side=hold confidence=0.83 reason=AI provisional sell: no strict validation-qualified models; probability 0.83 vs 0.12, gap 0.71, validation accuracy 15.0%, precision 13.8%, models 6, rows 214; RSI 56.2, ADX 35.1, ATR 2.8 pips, return_3 -0.026%, volatility ratio 1.01; provisional validation accuracy below 0.45
GBPUSD side=hold confidence=0.62 reason=AI provisional sell: no strict validation-qualified models; probability 0.62 vs 0.35, gap 0.27, validation accuracy 22.9%, precision 14.5%, models 6, rows 214; RSI 54.8, ADX 22.2, ATR 4.0 pips, return_3 -0.019%, volatility ratio 1.16; provisional validation accuracy below 0.45
USDJPY side=hold confidence=0.89 reason=AI provisional sell: no strict validation-qualified models; probability 0.89 vs 0.17, gap 0.72, validation accuracy 26.6%, precision 25.2%, models 6, rows 214; RSI 58.1, ADX 11.3, ATR 1.8 pips, return_3 0.000%, volatility ratio 0.78; provisional validation accuracy below 0.45
USDCHF side=hold confidence=0.44 reason=AI ensemble sell: probability 0.44 vs 0.00, gap 0.44, validation accuracy 69.2%, precision 93.2%, models 2, rows 214; RSI 52.3, ADX 20.2, ATR 2.5 pips, return_3 0.047%, volatility ratio 1.10; probability below 0.68
AUDUSD side=hold confidence=0.12 reason=AI ensemble buy: probability 0.12 vs 0.00, gap 0.12, validation accuracy 64.8%, precision 100.0%, models 1, rows 214; RSI 39.7, ADX 25.8, ATR 2.6 pips, return_3 -0.092%, volatility ratio 1.18; probability below 0.68
USDCAD side=hold confidence=0.46 reason=AI ensemble sell: probability 0.46 vs 0.00, gap 0.46, validation accuracy 84.6%, precision 91.2%, models 1, rows 205; RSI 62.7, ADX 36.8, ATR 3.0 pips, return_3 0.037%, volatility ratio 0.99; probability below 0.68
EURUSD side=hold confidence=0.73 reason=AI provisional sell: no strict validation-qualified models; probability 0.73 vs 0.14, gap 0.59, validation accuracy 16.3%, precision 15.9%, models 6, rows 214; RSI 56.7, ADX 33.5, ATR 2.6 pips, return_3 -0.023%, volatility ratio 0.95; provisional validation accuracy below 0.45
GBPUSD side=hold confidence=0.70 reason=AI provisional sell: no strict validation-qualified models; probability 0.70 vs 0.15, gap 0.56, validation accuracy 23.2%, precision 18.3%, models 6, rows 214; RSI 55.8, ADX 20.9, ATR 3.7 pips, return_3 -0.022%, volatility ratio 1.14; provisional validation accuracy below 0.45
USDJPY side=hold confidence=0.90 reason=AI provisional sell: no strict validation-qualified models; probability 0.90 vs 0.10, gap 0.80, validation accuracy 29.3%, precision 26.3%, models 6, rows 214; RSI 56.1, ADX 10.7, ATR 1.7 pips, return_3 0.001%, volatility ratio 0.69; provisional validation accuracy below 0.45
USDCHF side=hold confidence=0.39 reason=AI ensemble sell: probability 0.39 vs 0.00, gap 0.39, validation accuracy 66.6%, precision 93.3%, models 2, rows 214; RSI 51.3, ADX 19.0, ATR 2.3 pips, return_3 0.053%, volatility ratio 1.11; probability below 0.68
AUDUSD side=hold confidence=0.01 reason=AI ensemble buy: probability 0.01 vs 0.00, gap 0.01, validation accuracy 60.4%, precision 100.0%, models 1, rows 211; RSI 41.3, ADX 25.0, ATR 2.5 pips, return_3 -0.072%, volatility ratio 1.21; probability below 0.68
USDCAD side=hold confidence=0.43 reason=AI ensemble sell: probability 0.43 vs 0.00, gap 0.43, validation accuracy 84.6%, precision 91.2%, models 1, rows 205; RSI 65.3, ADX 36.4, ATR 2.9 pips, return_3 0.047%, volatility ratio 0.98; probability below 0.68
EURUSD side=hold confidence=0.80 reason=AI provisional sell: no strict validation-qualified models; probability 0.80 vs 0.14, gap 0.67, validation accuracy 16.3%, precision 15.9%, models 6, rows 214; RSI 55.1, ADX 33.5, ATR 2.6 pips, return_3 -0.028%, volatility ratio 0.96; provisional validation accuracy below 0.45
GBPUSD side=hold confidence=0.70 reason=AI provisional sell: no strict validation-qualified models; probability 0.70 vs 0.14, gap 0.56, validation accuracy 23.2%, precision 18.3%, models 6, rows 214; RSI 56.2, ADX 20.9, ATR 3.8 pips, return_3 -0.020%, volatility ratio 1.14; provisional validation accuracy below 0.45
USDJPY side=hold confidence=0.89 reason=AI provisional sell: no strict validation-qualified models; probability 0.89 vs 0.12, gap 0.76, validation accuracy 29.3%, precision 26.3%, models 6, rows 214; RSI 55.3, ADX 10.7, ATR 1.7 pips, return_3 0.000%, volatility ratio 0.70; provisional validation accuracy below 0.45
USDCHF side=hold confidence=0.43 reason=AI ensemble sell: probability 0.43 vs 0.00, gap 0.43, validation accuracy 66.6%, precision 93.3%, models 2, rows 214; RSI 52.0, ADX 19.0, ATR 2.4 pips, return_3 0.055%, volatility ratio 1.11; probability below 0.68
AUDUSD side=hold confidence=0.01 reason=AI ensemble buy: probability 0.01 vs 0.00, gap 0.01, validation accuracy 60.4%, precision 100.0%, models 1, rows 211; RSI 39.0, ADX 25.1, ATR 2.6 pips, return_3 -0.084%, volatility ratio 1.20; probability below 0.68
USDCAD side=hold confidence=0.45 reason=AI ensemble sell: probability 0.45 vs 0.00, gap 0.45, validation accuracy 84.6%, precision 91.2%, models 1, rows 205; RSI 65.5, ADX 36.4, ATR 2.9 pips, return_3 0.047%, volatility ratio 0.98; probability below 0.68
EURUSD side=hold confidence=0.75 reason=AI provisional sell: no strict validation-qualified models; probability 0.75 vs 0.18, gap 0.58, validation accuracy 15.9%, precision 15.5%, models 6, rows 214; RSI 52.1, ADX 33.0, ATR 2.7 pips, return_3 -0.036%, volatility ratio 0.98; provisional validation accuracy below 0.45
GBPUSD side=hold confidence=0.67 reason=AI provisional sell: no strict validation-qualified models; probability 0.67 vs 0.21, gap 0.46, validation accuracy 23.2%, precision 18.3%, models 6, rows 214; RSI 54.3, ADX 20.9, ATR 3.8 pips, return_3 -0.026%, volatility ratio 1.14; provisional validation accuracy below 0.45
USDJPY side=hold confidence=0.93 reason=AI provisional sell: no strict validation-qualified models; probability 0.93 vs 0.12, gap 0.81, validation accuracy 29.3%, precision 26.3%, models 6, rows 214; RSI 62.6, ADX 10.8, ATR 1.8 pips, return_3 0.007%, volatility ratio 0.72; provisional validation accuracy below 0.45
USDCHF side=hold confidence=0.49 reason=AI ensemble sell: probability 0.49 vs 0.00, gap 0.49, validation accuracy 66.6%, precision 93.3%, models 2, rows 214; RSI 53.4, ADX 18.9, ATR 2.4 pips, return_3 0.062%, volatility ratio 1.11; probability below 0.68
AUDUSD side=hold confidence=0.02 reason=AI ensemble buy: probability 0.02 vs 0.00, gap 0.02, validation accuracy 60.4%, precision 100.0%, models 1, rows 211; RSI 38.0, ADX 25.2, ATR 2.6 pips, return_3 -0.091%, volatility ratio 1.20; probability below 0.68
USDCAD side=hold confidence=0.44 reason=AI ensemble sell: probability 0.44 vs 0.00, gap 0.44, validation accuracy 84.6%, precision 91.2%, models 1, rows 205; RSI 67.7, ADX 36.4, ATR 3.0 pips, return_3 0.056%, volatility ratio 1.01; probability below 0.68
EURUSD side=hold confidence=0.75 reason=AI provisional sell: no strict validation-qualified models; probability 0.75 vs 0.16, gap 0.59, validation accuracy 15.9%, precision 15.5%, models 6, rows 214; RSI 52.1, ADX 32.7, ATR 2.8 pips, return_3 -0.036%, volatility ratio 0.98; provisional validation accuracy below 0.45
GBPUSD side=hold confidence=0.67 reason=AI provisional sell: no strict validation-qualified models; probability 0.67 vs 0.22, gap 0.45, validation accuracy 23.2%, precision 18.3%, models 6, rows 214; RSI 54.8, ADX 20.9, ATR 3.9 pips, return_3 -0.025%, volatility ratio 1.14; provisional validation accuracy below 0.45
USDJPY side=hold confidence=0.92 reason=AI provisional sell: no strict validation-qualified models; probability 0.92 vs 0.16, gap 0.76, validation accuracy 29.3%, precision 26.3%, models 6, rows 214; RSI 61.6, ADX 10.8, ATR 1.8 pips, return_3 0.006%, volatility ratio 0.70; provisional validation accuracy below 0.45
USDCHF side=hold confidence=0.52 reason=AI ensemble sell: probability 0.52 vs 0.00, gap 0.52, validation accuracy 66.6%, precision 93.3%, models 2, rows 214; RSI 53.7, ADX 19.2, ATR 2.5 pips, return_3 0.063%, volatility ratio 1.11; probability below 0.68
AUDUSD side=hold confidence=0.03 reason=AI ensemble buy: probability 0.03 vs 0.00, gap 0.03, validation accuracy 60.4%, precision 100.0%, models 1, rows 211; RSI 38.2, ADX 25.4, ATR 2.6 pips, return_3 -0.089%, volatility ratio 1.20; probability below 0.68
USDCAD side=hold confidence=0.47 reason=AI ensemble sell: probability 0.47 vs 0.00, gap 0.47, validation accuracy 84.6%, precision 91.2%, models 1, rows 205; RSI 63.1, ADX 36.4, ATR 3.0 pips, return_3 0.039%, volatility ratio 0.98; probability below 0.68
EURUSD side=hold confidence=0.76 reason=AI provisional sell: no strict validation-qualified models; probability 0.76 vs 0.15, gap 0.62, validation accuracy 15.9%, precision 15.5%, models 6, rows 214; RSI 51.2, ADX 32.7, ATR 2.8 pips, return_3 -0.039%, volatility ratio 0.99; provisional validation accuracy below 0.45
GBPUSD side=hold confidence=0.68 reason=AI provisional sell: no strict validation-qualified models; probability 0.68 vs 0.23, gap 0.45, validation accuracy 23.2%, precision 18.3%, models 6, rows 214; RSI 55.0, ADX 20.9, ATR 3.9 pips, return_3 -0.024%, volatility ratio 1.14; provisional validation accuracy below 0.45
USDJPY side=hold confidence=0.93 reason=AI provisional sell: no strict validation-qualified models; probability 0.93 vs 0.17, gap 0.76, validation accuracy 29.3%, precision 26.3%, models 6, rows 214; RSI 62.6, ADX 10.8, ATR 1.8 pips, return_3 0.007%, volatility ratio 0.72; provisional validation accuracy below 0.45
USDCHF side=hold confidence=0.46 reason=AI ensemble sell: probability 0.46 vs 0.00, gap 0.46, validation accuracy 66.6%, precision 93.3%, models 2, rows 214; RSI 52.6, ADX 19.2, ATR 2.5 pips, return_3 0.058%, volatility ratio 1.11; probability below 0.68
AUDUSD side=hold confidence=0.04 reason=AI ensemble buy: probability 0.04 vs 0.00, gap 0.04, validation accuracy 60.4%, precision 100.0%, models 1, rows 211; RSI 37.6, ADX 25.4, ATR 2.6 pips, return_3 -0.093%, volatility ratio 1.20; probability below 0.68
USDCAD side=hold confidence=0.41 reason=AI ensemble sell: probability 0.41 vs 0.00, gap 0.41, validation accuracy 84.6%, precision 91.2%, models 1, rows 205; RSI 63.1, ADX 36.4, ATR 3.0 pips, return_3 0.039%, volatility ratio 0.98; probability below 0.68
EURUSD side=hold confidence=0.80 reason=AI provisional sell: no strict validation-qualified models; probability 0.80 vs 0.13, gap 0.67, validation accuracy 16.8%, precision 16.4%, models 6, rows 214; RSI 50.1, ADX 30.4, ATR 2.7 pips, return_3 -0.018%, volatility ratio 0.75; provisional validation accuracy below 0.45
GBPUSD side=hold confidence=0.67 reason=AI provisional sell: no strict validation-qualified models; probability 0.67 vs 0.19, gap 0.48, validation accuracy 24.6%, precision 19.9%, models 6, rows 214; RSI 54.7, ADX 19.8, ATR 3.7 pips, return_3 -0.012%, volatility ratio 0.94; provisional validation accuracy below 0.45
USDJPY side=hold confidence=0.03 reason=AI ensemble buy: probability 0.03 vs 0.00, gap 0.03, validation accuracy 71.7%, precision 100.0%, models 1, rows 211; RSI 62.1, ADX 10.7, ATR 1.7 pips, return_3 0.004%, volatility ratio 0.46; probability below 0.68
USDCHF side=hold confidence=0.37 reason=AI ensemble sell: probability 0.37 vs 0.00, gap 0.37, validation accuracy 66.2%, precision 85.5%, models 2, rows 214; RSI 53.4, ADX 18.2, ATR 2.4 pips, return_3 0.025%, volatility ratio 0.99; probability below 0.68
AUDUSD side=hold confidence=0.03 reason=AI ensemble buy: probability 0.03 vs 0.00, gap 0.03, validation accuracy 65.4%, precision 100.0%, models 2, rows 214; RSI 38.3, ADX 25.1, ATR 2.5 pips, return_3 -0.027%, volatility ratio 1.05; probability below 0.68
USDCAD side=hold confidence=0.36 reason=AI ensemble sell: probability 0.36 vs 0.00, gap 0.36, validation accuracy 84.6%, precision 91.7%, models 1, rows 205; RSI 59.5, ADX 35.5, ATR 2.9 pips, return_3 0.011%, volatility ratio 0.91; probability below 0.68
EURUSD side=hold confidence=0.79 reason=AI provisional sell: no strict validation-qualified models; probability 0.79 vs 0.12, gap 0.67, validation accuracy 16.8%, precision 16.4%, models 6, rows 214; RSI 49.2, ADX 30.4, ATR 2.7 pips, return_3 -0.021%, volatility ratio 0.76; provisional validation accuracy below 0.45
GBPUSD side=hold confidence=0.67 reason=AI provisional sell: no strict validation-qualified models; probability 0.67 vs 0.18, gap 0.49, validation accuracy 24.6%, precision 19.9%, models 6, rows 214; RSI 55.5, ADX 19.8, ATR 3.8 pips, return_3 -0.010%, volatility ratio 0.94; provisional validation accuracy below 0.45
USDJPY side=hold confidence=0.04 reason=AI ensemble buy: probability 0.04 vs 0.00, gap 0.04, validation accuracy 71.7%, precision 100.0%, models 1, rows 211; RSI 63.2, ADX 10.9, ATR 1.7 pips, return_3 0.006%, volatility ratio 0.46; probability below 0.68
USDCHF side=hold confidence=0.35 reason=AI ensemble sell: probability 0.35 vs 0.00, gap 0.35, validation accuracy 66.2%, precision 85.5%, models 2, rows 214; RSI 53.4, ADX 18.2, ATR 2.4 pips, return_3 0.025%, volatility ratio 0.99; probability below 0.68
AUDUSD side=hold confidence=0.05 reason=AI ensemble buy: probability 0.05 vs 0.00, gap 0.05, validation accuracy 65.4%, precision 100.0%, models 2, rows 214; RSI 39.0, ADX 25.1, ATR 2.5 pips, return_3 -0.023%, volatility ratio 1.06; probability below 0.68
USDCAD side=hold confidence=0.36 reason=AI ensemble sell: probability 0.36 vs 0.00, gap 0.36, validation accuracy 84.6%, precision 91.7%, models 1, rows 205; RSI 62.5, ADX 35.5, ATR 3.0 pips, return_3 0.017%, volatility ratio 0.88; probability below 0.68
EURUSD side=hold confidence=0.79 reason=AI provisional sell: no strict validation-qualified models; probability 0.79 vs 0.11, gap 0.68, validation accuracy 16.8%, precision 16.4%, models 6, rows 214; RSI 47.9, ADX 30.6, ATR 2.7 pips, return_3 -0.025%, volatility ratio 0.77; provisional validation accuracy below 0.45
GBPUSD side=hold confidence=0.67 reason=AI provisional sell: no strict validation-qualified models; probability 0.67 vs 0.23, gap 0.44, validation accuracy 24.6%, precision 19.9%, models 6, rows 214; RSI 53.1, ADX 19.8, ATR 3.8 pips, return_3 -0.016%, volatility ratio 0.95; provisional validation accuracy below 0.45
USDJPY side=hold confidence=0.07 reason=AI ensemble buy: probability 0.07 vs 0.00, gap 0.07, validation accuracy 71.7%, precision 100.0%, models 1, rows 211; RSI 61.2, ADX 10.9, ATR 1.8 pips, return_3 0.004%, volatility ratio 0.47; probability below 0.68
USDCHF side=hold confidence=0.32 reason=AI ensemble sell: probability 0.32 vs 0.00, gap 0.32, validation accuracy 66.2%, precision 85.5%, models 2, rows 214; RSI 52.1, ADX 18.1, ATR 2.4 pips, return_3 0.020%, volatility ratio 1.00; probability below 0.68
AUDUSD side=hold confidence=0.07 reason=AI ensemble buy: probability 0.07 vs 0.00, gap 0.07, validation accuracy 65.4%, precision 100.0%, models 2, rows 214; RSI 38.6, ADX 25.1, ATR 2.5 pips, return_3 -0.026%, volatility ratio 1.05; probability below 0.68
USDCAD side=hold confidence=0.32 reason=AI ensemble sell: probability 0.32 vs 0.00, gap 0.32, validation accuracy 84.6%, precision 91.7%, models 1, rows 205; RSI 60.7, ADX 35.5, ATR 3.0 pips, return_3 0.014%, volatility ratio 0.89; probability below 0.68
EURUSD side=hold confidence=0.63 reason=AI provisional sell: no strict validation-qualified models; probability 0.63 vs 0.19, gap 0.44, validation accuracy 16.8%, precision 16.4%, models 6, rows 214; RSI 43.2, ADX 31.6, ATR 2.9 pips, return_3 -0.042%, volatility ratio 0.86; provisional validation accuracy below 0.45
GBPUSD side=hold confidence=0.47 reason=AI provisional buy: no strict validation-qualified models; probability 0.47 vs 0.46, gap 0.01, validation accuracy 40.1%, precision 92.6%, models 6, rows 214; RSI 45.8, ADX 20.0, ATR 4.0 pips, return_3 -0.041%, volatility ratio 1.07; provisional validation accuracy below 0.45
USDJPY side=hold confidence=0.09 reason=AI ensemble buy: probability 0.09 vs 0.00, gap 0.09, validation accuracy 71.7%, precision 100.0%, models 1, rows 211; RSI 55.5, ADX 10.9, ATR 1.8 pips, return_3 -0.001%, volatility ratio 0.59; probability below 0.68
USDCHF side=hold confidence=0.40 reason=AI ensemble sell: probability 0.40 vs 0.00, gap 0.40, validation accuracy 66.2%, precision 85.5%, models 2, rows 214; RSI 54.3, ADX 18.6, ATR 2.5 pips, return_3 0.029%, volatility ratio 0.99; probability below 0.68
AUDUSD side=hold confidence=0.14 reason=AI ensemble buy: probability 0.14 vs 0.00, gap 0.14, validation accuracy 65.4%, precision 100.0%, models 2, rows 214; RSI 35.2, ADX 25.9, ATR 2.7 pips, return_3 -0.048%, volatility ratio 1.06; probability below 0.68
USDCAD side=hold confidence=0.40 reason=AI ensemble sell: probability 0.40 vs 0.00, gap 0.40, validation accuracy 84.6%, precision 91.7%, models 1, rows 205; RSI 68.7, ADX 35.5, ATR 3.2 pips, return_3 0.039%, volatility ratio 0.93; probability below 0.68
EURUSD side=hold confidence=0.64 reason=AI provisional sell: no strict validation-qualified models; probability 0.64 vs 0.17, gap 0.47, validation accuracy 16.8%, precision 16.4%, models 6, rows 214; RSI 43.0, ADX 31.6, ATR 2.9 pips, return_3 -0.043%, volatility ratio 0.87; provisional validation accuracy below 0.45
GBPUSD side=hold confidence=0.53 reason=AI provisional buy: no strict validation-qualified models; probability 0.53 vs 0.41, gap 0.12, validation accuracy 40.1%, precision 92.6%, models 6, rows 214; RSI 44.6, ADX 20.3, ATR 4.1 pips, return_3 -0.046%, volatility ratio 1.10; provisional validation accuracy below 0.45
USDJPY side=hold confidence=0.12 reason=AI ensemble buy: probability 0.12 vs 0.00, gap 0.12, validation accuracy 71.7%, precision 100.0%, models 1, rows 211; RSI 57.8, ADX 10.9, ATR 1.8 pips, return_3 0.001%, volatility ratio 0.53; probability below 0.68
USDCHF side=hold confidence=0.38 reason=AI ensemble sell: probability 0.38 vs 0.00, gap 0.38, validation accuracy 66.2%, precision 85.5%, models 2, rows 214; RSI 54.0, ADX 18.6, ATR 2.5 pips, return_3 0.028%, volatility ratio 0.99; probability below 0.68
AUDUSD side=hold confidence=0.14 reason=AI ensemble buy: probability 0.14 vs 0.00, gap 0.14, validation accuracy 65.4%, precision 100.0%, models 2, rows 214; RSI 29.7, ADX 26.4, ATR 2.8 pips, return_3 -0.096%, volatility ratio 1.21; probability below 0.68
USDCAD side=hold confidence=0.35 reason=AI ensemble sell: probability 0.35 vs 0.00, gap 0.35, validation accuracy 84.6%, precision 91.7%, models 1, rows 205; RSI 68.9, ADX 35.5, ATR 3.2 pips, return_3 0.039%, volatility ratio 0.93; probability below 0.68
EURUSD side=hold confidence=0.64 reason=AI provisional sell: no strict validation-qualified models; probability 0.64 vs 0.10, gap 0.53, validation accuracy 17.7%, precision 17.5%, models 6, rows 214; RSI 41.7, ADX 30.6, ATR 2.8 pips, return_3 -0.049%, volatility ratio 0.87; provisional validation accuracy below 0.45
GBPUSD side=hold confidence=0.50 reason=AI provisional sell: no strict validation-qualified models; probability 0.50 vs 0.29, gap 0.21, validation accuracy 27.6%, precision 18.3%, models 6, rows 214; RSI 43.6, ADX 20.0, ATR 3.9 pips, return_3 -0.041%, volatility ratio 1.05; provisional validation accuracy below 0.45
USDJPY side=hold confidence=0.04 reason=AI ensemble buy: probability 0.04 vs 0.00, gap 0.04, validation accuracy 69.8%, precision 100.0%, models 1, rows 211; RSI 63.8, ADX 10.9, ATR 1.7 pips, return_3 0.006%, volatility ratio 0.45; probability below 0.68
USDCHF side=hold confidence=0.36 reason=AI ensemble sell: probability 0.36 vs 0.00, gap 0.36, validation accuracy 62.7%, precision 73.0%, models 2, rows 214; RSI 56.3, ADX 18.1, ATR 2.4 pips, return_3 0.018%, volatility ratio 0.95; probability below 0.68
AUDUSD side=hold confidence=0.05 reason=AI ensemble buy: probability 0.05 vs 0.00, gap 0.05, validation accuracy 67.5%, precision 71.2%, models 2, rows 214; RSI 29.5, ADX 27.6, ATR 2.7 pips, return_3 -0.081%, volatility ratio 1.22; probability below 0.68
USDCAD side=hold confidence=0.32 reason=AI ensemble sell: probability 0.32 vs 0.22, gap 0.11, validation accuracy 84.6%, precision 90.9%, models 2, rows 205; RSI 71.0, ADX 36.7, ATR 3.1 pips, return_3 0.032%, volatility ratio 0.96; probability below 0.68
EURUSD side=hold confidence=0.36 reason=AI provisional sell: no strict validation-qualified models; probability 0.36 vs 0.25, gap 0.11, validation accuracy 17.7%, precision 17.5%, models 6, rows 214; RSI 36.2, ADX 31.7, ATR 3.1 pips, return_3 -0.075%, volatility ratio 0.95; provisional validation accuracy below 0.45
GBPUSD side=hold confidence=0.43 reason=AI provisional sell: no strict validation-qualified models; probability 0.43 vs 0.36, gap 0.07, validation accuracy 27.6%, precision 18.3%, models 6, rows 214; RSI 42.9, ADX 20.4, ATR 4.1 pips, return_3 -0.044%, volatility ratio 1.05; provisional validation accuracy below 0.45
USDJPY side=hold confidence=0.04 reason=AI ensemble buy: probability 0.04 vs 0.00, gap 0.04, validation accuracy 69.8%, precision 100.0%, models 1, rows 211; RSI 64.3, ADX 11.1, ATR 1.8 pips, return_3 0.006%, volatility ratio 0.45; probability below 0.68
USDCHF side=hold confidence=0.52 reason=AI ensemble sell: probability 0.52 vs 0.00, gap 0.52, validation accuracy 62.7%, precision 73.0%, models 2, rows 214; RSI 60.0, ADX 18.7, ATR 2.5 pips, return_3 0.035%, volatility ratio 0.96; probability below 0.68
AUDUSD side=hold confidence=0.09 reason=AI ensemble buy: probability 0.09 vs 0.00, gap 0.09, validation accuracy 67.5%, precision 71.2%, models 2, rows 214; RSI 27.0, ADX 28.2, ATR 3.0 pips, return_3 -0.108%, volatility ratio 1.21; probability below 0.68
USDCAD side=hold confidence=0.40 reason=AI ensemble sell: probability 0.40 vs 0.10, gap 0.30, validation accuracy 84.6%, precision 90.9%, models 2, rows 205; RSI 75.2, ADX 37.5, ATR 3.4 pips, return_3 0.054%, volatility ratio 0.97; probability below 0.68
EURUSD side=hold confidence=0.41 reason=AI provisional sell: no strict validation-qualified models; probability 0.41 vs 0.23, gap 0.17, validation accuracy 17.7%, precision 17.5%, models 6, rows 214; RSI 37.4, ADX 31.7, ATR 3.1 pips, return_3 -0.069%, volatility ratio 0.92; provisional validation accuracy below 0.45
GBPUSD side=hold confidence=0.44 reason=AI provisional sell: no strict validation-qualified models; probability 0.44 vs 0.38, gap 0.06, validation accuracy 27.6%, precision 18.3%, models 6, rows 214; RSI 42.4, ADX 20.4, ATR 4.1 pips, return_3 -0.046%, volatility ratio 1.05; provisional validation accuracy below 0.45
USDJPY side=hold confidence=0.06 reason=AI ensemble buy: probability 0.06 vs 0.00, gap 0.06, validation accuracy 71.7%, precision 100.0%, models 1, rows 211; RSI 63.2, ADX 11.1, ATR 1.8 pips, return_3 0.005%, volatility ratio 0.45; probability below 0.68
USDCHF side=hold confidence=0.40 reason=AI ensemble sell: probability 0.40 vs 0.00, gap 0.40, validation accuracy 62.7%, precision 73.0%, models 2, rows 214; RSI 56.3, ADX 18.7, ATR 2.5 pips, return_3 0.018%, volatility ratio 0.95; probability below 0.68
AUDUSD side=hold confidence=0.13 reason=AI ensemble buy: probability 0.13 vs 0.00, gap 0.13, validation accuracy 67.5%, precision 71.2%, models 2, rows 214; RSI 27.5, ADX 28.2, ATR 3.0 pips, return_3 -0.102%, volatility ratio 1.21; probability below 0.68
USDCAD side=hold confidence=0.39 reason=AI ensemble sell: probability 0.39 vs 0.15, gap 0.24, validation accuracy 84.6%, precision 90.9%, models 2, rows 205; RSI 73.7, ADX 37.5, ATR 3.4 pips, return_3 0.045%, volatility ratio 0.94; probability below 0.68
exit success=True symbol=USDJPY profit=-0.25 reason=bot smart negative exit -0.25: no recovery after 2253s negative
EURUSD side=hold confidence=0.36 reason=AI provisional sell: no strict validation-qualified models; probability 0.36 vs 0.24, gap 0.11, validation accuracy 17.7%, precision 17.5%, models 6, rows 214; RSI 35.2, ADX 31.8, ATR 3.1 pips, return_3 -0.081%, volatility ratio 0.98; provisional validation accuracy below 0.45
GBPUSD side=hold confidence=0.43 reason=AI provisional buy: no strict validation-qualified models; probability 0.43 vs 0.42, gap 0.01, validation accuracy 40.6%, precision 92.6%, models 6, rows 214; RSI 40.9, ADX 20.5, ATR 4.1 pips, return_3 -0.053%, volatility ratio 1.06; provisional validation accuracy below 0.45
USDJPY side=hold confidence=0.02 reason=AI ensemble buy: probability 0.02 vs 0.00, gap 0.02, validation accuracy 69.8%, precision 100.0%, models 1, rows 211; RSI 69.4, ADX 12.0, ATR 1.8 pips, return_3 0.013%, volatility ratio 0.61; probability below 0.68
USDCHF side=hold confidence=0.43 reason=AI ensemble sell: probability 0.43 vs 0.00, gap 0.43, validation accuracy 62.7%, precision 73.0%, models 2, rows 214; RSI 58.2, ADX 18.7, ATR 2.5 pips, return_3 0.026%, volatility ratio 0.95; probability below 0.68
AUDUSD side=hold confidence=0.16 reason=AI ensemble buy: probability 0.16 vs 0.00, gap 0.16, validation accuracy 67.5%, precision 71.2%, models 2, rows 214; RSI 27.3, ADX 28.2, ATR 3.0 pips, return_3 -0.105%, volatility ratio 1.21; probability below 0.68
USDCAD side=hold confidence=0.31 reason=AI ensemble sell: probability 0.31 vs 0.16, gap 0.15, validation accuracy 84.6%, precision 90.9%, models 2, rows 205; RSI 74.5, ADX 37.5, ATR 3.4 pips, return_3 0.050%, volatility ratio 0.95; probability below 0.68
EURUSD side=hold confidence=0.39 reason=AI provisional sell: no strict validation-qualified models; probability 0.39 vs 0.22, gap 0.17, validation accuracy 17.7%, precision 17.5%, models 6, rows 214; RSI 35.6, ADX 31.8, ATR 3.1 pips, return_3 -0.079%, volatility ratio 0.96; provisional validation accuracy below 0.45
GBPUSD side=hold confidence=0.47 reason=AI provisional buy: no strict validation-qualified models; probability 0.47 vs 0.41, gap 0.06, validation accuracy 40.6%, precision 92.6%, models 6, rows 214; RSI 39.8, ADX 20.5, ATR 4.1 pips, return_3 -0.058%, volatility ratio 1.08; provisional validation accuracy below 0.45
USDJPY side=hold confidence=0.02 reason=AI ensemble buy: probability 0.02 vs 0.00, gap 0.02, validation accuracy 69.8%, precision 100.0%, models 1, rows 211; RSI 70.6, ADX 12.9, ATR 1.9 pips, return_3 0.015%, volatility ratio 0.68; probability below 0.68
USDCHF side=hold confidence=0.45 reason=AI ensemble sell: probability 0.45 vs 0.00, gap 0.45, validation accuracy 62.7%, precision 73.0%, models 2, rows 214; RSI 59.7, ADX 18.7, ATR 2.5 pips, return_3 0.034%, volatility ratio 0.96; probability below 0.68
AUDUSD side=hold confidence=0.19 reason=AI ensemble buy: probability 0.19 vs 0.00, gap 0.19, validation accuracy 67.5%, precision 71.2%, models 2, rows 214; RSI 27.3, ADX 28.2, ATR 3.0 pips, return_3 -0.105%, volatility ratio 1.21; probability below 0.68
USDCAD side=hold confidence=0.31 reason=AI ensemble sell: probability 0.31 vs 0.25, gap 0.05, validation accuracy 84.6%, precision 90.9%, models 2, rows 205; RSI 72.5, ADX 37.5, ATR 3.4 pips, return_3 0.039%, volatility ratio 0.94; probability below 0.68
EURUSD side=hold confidence=0.34 reason=AI provisional sell: no strict validation-qualified models; probability 0.34 vs 0.34, gap 0.00, validation accuracy 18.9%, precision 19.0%, models 6, rows 214; RSI 38.7, ADX 32.0, ATR 3.0 pips, return_3 -0.053%, volatility ratio 0.97; provisional validation accuracy below 0.45
GBPUSD side=hold confidence=0.38 reason=AI ensemble buy: probability 0.38 vs 0.00, gap 0.38, validation accuracy 54.7%, precision 100.0%, models 1, rows 211; RSI 42.7, ADX 20.6, ATR 3.9 pips, return_3 -0.046%, volatility ratio 1.02; probability below 0.68
USDJPY side=hold confidence=0.01 reason=AI ensemble buy: probability 0.01 vs 0.00, gap 0.01, validation accuracy 67.9%, precision 100.0%, models 1, rows 211; RSI 70.7, ADX 14.7, ATR 1.9 pips, return_3 0.011%, volatility ratio 0.63; probability below 0.68
USDCHF side=hold confidence=0.34 reason=AI ensemble sell: probability 0.34 vs 0.00, gap 0.34, validation accuracy 65.4%, precision 76.4%, models 2, rows 214; RSI 56.4, ADX 18.8, ATR 2.4 pips, return_3 0.016%, volatility ratio 0.96; probability below 0.68
AUDUSD side=hold confidence=0.59 reason=AI provisional sell: no strict validation-qualified models; probability 0.59 vs 0.08, gap 0.51, validation accuracy 42.9%, precision 29.4%, models 6, rows 214; RSI 27.8, ADX 29.6, ATR 2.8 pips, return_3 -0.095%, volatility ratio 1.26; provisional validation accuracy below 0.45
USDCAD side=hold confidence=0.44 reason=AI ensemble sell: probability 0.44 vs 0.23, gap 0.21, validation accuracy 84.6%, precision 91.4%, models 2, rows 205; RSI 68.3, ADX 38.4, ATR 3.3 pips, return_3 0.032%, volatility ratio 0.95; probability below 0.68
EURUSD side=hold confidence=0.44 reason=AI provisional sell: no strict validation-qualified models; probability 0.44 vs 0.29, gap 0.14, validation accuracy 18.9%, precision 19.0%, models 6, rows 214; RSI 35.9, ADX 32.0, ATR 3.0 pips, return_3 -0.062%, volatility ratio 0.95; provisional validation accuracy below 0.45
GBPUSD side=hold confidence=0.48 reason=AI ensemble buy: probability 0.48 vs 0.00, gap 0.48, validation accuracy 54.7%, precision 100.0%, models 1, rows 211; RSI 41.9, ADX 20.6, ATR 3.9 pips, return_3 -0.048%, volatility ratio 1.01; probability below 0.68
USDJPY side=hold confidence=0.01 reason=AI ensemble buy: probability 0.01 vs 0.00, gap 0.01, validation accuracy 67.9%, precision 100.0%, models 1, rows 211; RSI 72.2, ADX 14.7, ATR 1.9 pips, return_3 0.014%, volatility ratio 0.64; probability below 0.68
USDCHF side=hold confidence=0.41 reason=AI ensemble sell: probability 0.41 vs 0.00, gap 0.41, validation accuracy 65.4%, precision 76.4%, models 2, rows 214; RSI 59.1, ADX 18.8, ATR 2.4 pips, return_3 0.026%, volatility ratio 0.95; probability below 0.68
AUDUSD side=hold confidence=0.55 reason=AI provisional sell: no strict validation-qualified models; probability 0.55 vs 0.07, gap 0.48, validation accuracy 42.9%, precision 29.4%, models 6, rows 214; RSI 26.1, ADX 29.6, ATR 2.9 pips, return_3 -0.113%, volatility ratio 1.24; provisional validation accuracy below 0.45
USDCAD side=hold confidence=0.36 reason=AI ensemble sell: probability 0.36 vs 0.19, gap 0.16, validation accuracy 84.6%, precision 91.4%, models 2, rows 205; RSI 70.9, ADX 38.4, ATR 3.3 pips, return_3 0.037%, volatility ratio 0.91; probability below 0.68
EURUSD side=hold confidence=0.39 reason=AI provisional sell: no strict validation-qualified models; probability 0.39 vs 0.28, gap 0.11, validation accuracy 18.9%, precision 19.0%, models 6, rows 214; RSI 38.4, ADX 32.0, ATR 3.0 pips, return_3 -0.054%, volatility ratio 0.97; provisional validation accuracy below 0.45
GBPUSD side=hold confidence=0.55 reason=AI ensemble buy: probability 0.55 vs 0.00, gap 0.55, validation accuracy 54.7%, precision 100.0%, models 1, rows 211; RSI 40.7, ADX 20.6, ATR 3.9 pips, return_3 -0.053%, volatility ratio 1.00; probability below 0.68
USDJPY side=hold confidence=0.01 reason=AI ensemble buy: probability 0.01 vs 0.00, gap 0.01, validation accuracy 67.9%, precision 100.0%, models 1, rows 211; RSI 71.8, ADX 14.7, ATR 1.9 pips, return_3 0.013%, volatility ratio 0.63; probability below 0.68
USDCHF side=hold confidence=0.42 reason=AI ensemble sell: probability 0.42 vs 0.00, gap 0.42, validation accuracy 65.4%, precision 76.4%, models 2, rows 214; RSI 59.8, ADX 18.8, ATR 2.4 pips, return_3 0.030%, volatility ratio 0.95; probability below 0.68
AUDUSD side=hold confidence=0.52 reason=AI provisional sell: no strict validation-qualified models; probability 0.52 vs 0.12, gap 0.39, validation accuracy 42.9%, precision 29.4%, models 6, rows 214; RSI 27.2, ADX 29.6, ATR 2.9 pips, return_3 -0.101%, volatility ratio 1.25; provisional validation accuracy below 0.45
USDCAD side=hold confidence=0.32 reason=AI ensemble sell: probability 0.32 vs 0.20, gap 0.12, validation accuracy 84.6%, precision 91.4%, models 2, rows 205; RSI 71.7, ADX 38.4, ATR 3.3 pips, return_3 0.038%, volatility ratio 0.90; probability below 0.68
EURUSD side=hold confidence=0.46 reason=AI provisional sell: no strict validation-qualified models; probability 0.46 vs 0.25, gap 0.21, validation accuracy 18.9%, precision 19.0%, models 6, rows 214; RSI 37.0, ADX 32.0, ATR 3.0 pips, return_3 -0.058%, volatility ratio 0.96; provisional validation accuracy below 0.45
GBPUSD side=hold confidence=0.55 reason=AI ensemble buy: probability 0.55 vs 0.00, gap 0.55, validation accuracy 54.7%, precision 100.0%, models 1, rows 211; RSI 40.8, ADX 20.6, ATR 3.9 pips, return_3 -0.052%, volatility ratio 1.00; probability below 0.68
USDJPY side=hold confidence=0.01 reason=AI ensemble buy: probability 0.01 vs 0.00, gap 0.01, validation accuracy 67.9%, precision 100.0%, models 1, rows 211; RSI 72.5, ADX 14.7, ATR 1.9 pips, return_3 0.014%, volatility ratio 0.65; probability below 0.68
USDCHF side=hold confidence=0.41 reason=AI ensemble sell: probability 0.41 vs 0.00, gap 0.41, validation accuracy 65.4%, precision 76.4%, models 2, rows 214; RSI 60.1, ADX 18.8, ATR 2.5 pips, return_3 0.031%, volatility ratio 0.95; probability below 0.68
AUDUSD side=hold confidence=0.46 reason=AI provisional sell: no strict validation-qualified models; probability 0.46 vs 0.15, gap 0.31, validation accuracy 42.9%, precision 29.4%, models 6, rows 214; RSI 26.7, ADX 29.6, ATR 2.9 pips, return_3 -0.106%, volatility ratio 1.24; provisional validation accuracy below 0.45
USDCAD side=hold confidence=0.30 reason=AI ensemble sell: probability 0.30 vs 0.23, gap 0.06, validation accuracy 84.6%, precision 91.4%, models 2, rows 205; RSI 70.9, ADX 38.2, ATR 3.3 pips, return_3 0.037%, volatility ratio 0.91; probability below 0.68
EURUSD side=hold confidence=0.49 reason=AI provisional sell: no strict validation-qualified models; probability 0.49 vs 0.23, gap 0.26, validation accuracy 18.9%, precision 19.0%, models 6, rows 214; RSI 35.9, ADX 32.0, ATR 3.0 pips, return_3 -0.062%, volatility ratio 0.95; provisional validation accuracy below 0.45
GBPUSD side=hold confidence=0.60 reason=AI ensemble buy: probability 0.60 vs 0.00, gap 0.60, validation accuracy 54.7%, precision 100.0%, models 1, rows 211; RSI 39.8, ADX 20.8, ATR 4.0 pips, return_3 -0.057%, volatility ratio 1.00; probability below 0.68
USDJPY side=hold confidence=0.02 reason=AI ensemble buy: probability 0.02 vs 0.00, gap 0.02, validation accuracy 67.9%, precision 100.0%, models 1, rows 211; RSI 73.5, ADX 14.7, ATR 1.9 pips, return_3 0.016%, volatility ratio 0.69; probability below 0.68
USDCHF side=hold confidence=0.43 reason=AI ensemble sell: probability 0.43 vs 0.00, gap 0.43, validation accuracy 65.4%, precision 76.4%, models 2, rows 214; RSI 60.9, ADX 18.8, ATR 2.5 pips, return_3 0.035%, volatility ratio 0.95; probability below 0.68
AUDUSD side=hold confidence=0.46 reason=AI provisional sell: no strict validation-qualified models; probability 0.46 vs 0.16, gap 0.30, validation accuracy 42.9%, precision 29.4%, models 6, rows 214; RSI 25.0, ADX 29.7, ATR 3.0 pips, return_3 -0.126%, volatility ratio 1.24; provisional validation accuracy below 0.45
USDCAD side=hold confidence=0.24 reason=AI ensemble sell: probability 0.24 vs 0.19, gap 0.05, validation accuracy 84.6%, precision 91.4%, models 2, rows 205; RSI 73.8, ADX 38.2, ATR 3.4 pips, return_3 0.046%, volatility ratio 0.86; probability below 0.68
EURUSD side=hold confidence=0.41 reason=AI provisional buy: no strict validation-qualified models; probability 0.41 vs 0.27, gap 0.14, validation accuracy 47.8%, precision 41.8%, models 6, rows 214; RSI 35.0, ADX 32.2, ATR 2.9 pips, return_3 -0.037%, volatility ratio 0.96; probability below 0.78
GBPUSD side=hold confidence=0.48 reason=AI ensemble buy: probability 0.48 vs 0.11, gap 0.37, validation accuracy 54.7%, precision 100.0%, models 2, rows 214; RSI 40.3, ADX 21.0, ATR 3.8 pips, return_3 -0.016%, volatility ratio 1.00; probability below 0.68
USDJPY side=hold confidence=0.01 reason=AI ensemble buy: probability 0.01 vs 0.00, gap 0.01, validation accuracy 66.0%, precision 100.0%, models 1, rows 211; RSI 72.9, ADX 16.5, ATR 1.8 pips, return_3 0.014%, volatility ratio 0.70; probability below 0.68
USDCHF side=hold confidence=0.27 reason=AI ensemble buy: probability 0.27 vs 0.24, gap 0.03, validation accuracy 77.8%, precision 66.7%, models 3, rows 214; RSI 59.8, ADX 18.9, ATR 2.4 pips, return_3 0.020%, volatility ratio 0.93; probability below 0.68
AUDUSD side=hold confidence=0.27 reason=AI ensemble sell: probability 0.27 vs 0.00, gap 0.27, validation accuracy 79.6%, precision 71.4%, models 1, rows 214; RSI 26.1, ADX 31.4, ATR 2.8 pips, return_3 -0.041%, volatility ratio 1.25; probability below 0.68
USDCAD side=hold confidence=0.29 reason=AI ensemble sell: probability 0.29 vs 0.25, gap 0.04, validation accuracy 84.6%, precision 91.2%, models 2, rows 205; RSI 74.4, ADX 38.8, ATR 3.2 pips, return_3 0.018%, volatility ratio 0.87; probability below 0.68
EURUSD side=hold confidence=0.39 reason=AI provisional buy: no strict validation-qualified models; probability 0.39 vs 0.29, gap 0.10, validation accuracy 47.8%, precision 41.8%, models 6, rows 214; RSI 36.0, ADX 32.2, ATR 2.9 pips, return_3 -0.032%, volatility ratio 0.97; probability below 0.78
GBPUSD side=hold confidence=0.49 reason=AI ensemble buy: probability 0.49 vs 0.14, gap 0.35, validation accuracy 54.7%, precision 100.0%, models 2, rows 214; RSI 45.3, ADX 20.6, ATR 4.0 pips, return_3 -0.001%, volatility ratio 1.05; probability below 0.68
USDJPY side=hold confidence=0.01 reason=AI ensemble buy: probability 0.01 vs 0.00, gap 0.01, validation accuracy 66.0%, precision 100.0%, models 1, rows 211; RSI 70.1, ADX 16.5, ATR 1.8 pips, return_3 0.012%, volatility ratio 0.73; probability below 0.68
USDCHF side=hold confidence=0.32 reason=AI ensemble buy: probability 0.32 vs 0.23, gap 0.09, validation accuracy 79.6%, precision 66.7%, models 3, rows 214; RSI 57.5, ADX 18.9, ATR 2.4 pips, return_3 0.013%, volatility ratio 0.94; probability below 0.68
AUDUSD side=hold confidence=0.23 reason=AI ensemble sell: probability 0.23 vs 0.00, gap 0.23, validation accuracy 81.5%, precision 71.4%, models 1, rows 214; RSI 33.7, ADX 31.1, ATR 3.0 pips, return_3 -0.007%, volatility ratio 1.33; probability below 0.68
USDCAD side=hold confidence=0.37 reason=AI ensemble buy: probability 0.37 vs 0.32, gap 0.05, validation accuracy 80.8%, precision 66.7%, models 2, rows 205; RSI 71.5, ADX 38.9, ATR 3.3 pips, return_3 0.010%, volatility ratio 0.92; probability below 0.68
EURUSD side=hold confidence=0.39 reason=AI provisional buy: no strict validation-qualified models; probability 0.39 vs 0.33, gap 0.06, validation accuracy 47.8%, precision 41.8%, models 6, rows 214; RSI 41.9, ADX 31.2, ATR 3.1 pips, return_3 -0.015%, volatility ratio 1.03; probability below 0.78
GBPUSD side=hold confidence=0.46 reason=AI ensemble buy: probability 0.46 vs 0.16, gap 0.30, validation accuracy 54.7%, precision 100.0%, models 2, rows 214; RSI 47.7, ADX 20.3, ATR 4.1 pips, return_3 0.007%, volatility ratio 1.09; probability below 0.68
USDJPY side=hold confidence=0.02 reason=AI ensemble buy: probability 0.02 vs 0.00, gap 0.02, validation accuracy 66.0%, precision 100.0%, models 1, rows 211; RSI 60.7, ADX 15.2, ATR 1.9 pips, return_3 0.004%, volatility ratio 0.96; probability below 0.68
USDCHF side=hold confidence=0.62 reason=AI ensemble buy: probability 0.62 vs 0.22, gap 0.40, validation accuracy 79.6%, precision 66.7%, models 3, rows 214; RSI 49.5, ADX 17.6, ATR 2.6 pips, return_3 -0.018%, volatility ratio 1.07; probability below 0.68
AUDUSD side=hold confidence=0.21 reason=AI ensemble sell: probability 0.21 vs 0.00, gap 0.21, validation accuracy 81.5%, precision 71.4%, models 1, rows 214; RSI 37.7, ADX 30.0, ATR 3.1 pips, return_3 0.013%, volatility ratio 1.39; probability below 0.68
USDCAD side=hold confidence=0.51 reason=AI ensemble buy: probability 0.51 vs 0.25, gap 0.26, validation accuracy 80.8%, precision 66.7%, models 2, rows 205; RSI 68.7, ADX 38.9, ATR 3.4 pips, return_3 0.005%, volatility ratio 0.96; probability below 0.68
EURUSD side=hold confidence=0.41 reason=AI provisional sell: no strict validation-qualified models; probability 0.41 vs 0.32, gap 0.09, validation accuracy 39.1%, precision 16.5%, models 6, rows 214; RSI 49.4, ADX 30.3, ATR 3.3 pips, return_3 0.013%, volatility ratio 1.20; provisional validation accuracy below 0.45
GBPUSD side=hold confidence=0.43 reason=AI ensemble buy: probability 0.43 vs 0.23, gap 0.21, validation accuracy 54.7%, precision 100.0%, models 2, rows 214; RSI 54.6, ADX 19.6, ATR 4.4 pips, return_3 0.036%, volatility ratio 1.27; probability below 0.68
USDJPY side=hold confidence=0.05 reason=AI ensemble buy: probability 0.05 vs 0.00, gap 0.05, validation accuracy 67.9%, precision 100.0%, models 1, rows 211; RSI 45.4, ADX 14.4, ATR 2.1 pips, return_3 -0.014%, volatility ratio 1.43; probability below 0.68
USDCHF side=buy confidence=0.88 reason=AI ensemble buy: probability 0.93 vs 0.15, gap 0.78, validation accuracy 79.6%, precision 66.7%, models 3, rows 214; RSI 38.7, ADX 18.9, ATR 2.9 pips, return_3 -0.079%, volatility ratio 1.37; technical confirmation disagrees
AUDUSD side=hold confidence=0.20 reason=AI ensemble sell: probability 0.20 vs 0.00, gap 0.20, validation accuracy 81.5%, precision 71.4%, models 1, rows 214; RSI 46.1, ADX 28.4, ATR 3.4 pips, return_3 0.064%, volatility ratio 1.53; probability below 0.68
USDCAD side=hold confidence=0.70 reason=AI ensemble buy: probability 0.70 vs 0.20, gap 0.50, validation accuracy 80.8%, precision 66.7%, models 2, rows 205; RSI 64.5, ADX 38.9, ATR 3.4 pips, return_3 -0.004%, volatility ratio 1.04; confidence below 0.72
order success=True id=320340066 MT5 position opened buy USDCHF (USDCHF) 0.01 lots
exit success=True symbol=USDCHF profit=-0.6 reason=bot recovery fallback loss exit -0.60 before broker stop
EURUSD side=hold confidence=0.60 reason=AI provisional sell: no strict validation-qualified models; probability 0.60 vs 0.24, gap 0.36, validation accuracy 40.4%, precision 16.0%, models 6, rows 214; RSI 55.0, ADX 30.8, ATR 3.7 pips, return_3 0.040%, volatility ratio 1.35; provisional validation accuracy below 0.45
GBPUSD side=hold confidence=0.28 reason=AI ensemble sell: probability 0.28 vs 0.00, gap 0.28, validation accuracy 75.9%, precision 100.0%, models 1, rows 214; RSI 60.7, ADX 21.1, ATR 4.9 pips, return_3 0.069%, volatility ratio 1.44; probability below 0.68
USDJPY side=hold confidence=0.10 reason=AI ensemble buy: probability 0.10 vs 0.00, gap 0.10, validation accuracy 67.9%, precision 100.0%, models 1, rows 211; RSI 42.6, ADX 15.7, ATR 2.4 pips, return_3 -0.019%, volatility ratio 1.49; probability below 0.68
USDCHF side=hold confidence=0.91 reason=AI ensemble buy: probability 0.96 vs 0.19, gap 0.78, validation accuracy 79.6%, precision 66.7%, models 3, rows 214; RSI 37.0, ADX 19.9, ATR 3.2 pips, return_3 -0.092%, volatility ratio 1.42; technical confirmation disagrees; adaptive loss cooldown blocked buy: latest USDCHF buy exit was -0.60 0.2m ago; needs confidence 0.94 and score 10
AUDUSD side=hold confidence=0.18 reason=AI ensemble sell: probability 0.18 vs 0.00, gap 0.18, validation accuracy 81.5%, precision 71.4%, models 1, rows 214; RSI 51.3, ADX 28.3, ATR 3.8 pips, return_3 0.105%, volatility ratio 1.61; probability below 0.68
USDCAD side=buy confidence=0.94 reason=AI ensemble buy: probability 0.94 vs 0.08, gap 0.85, validation accuracy 80.8%, precision 66.7%, models 2, rows 205; RSI 56.7, ADX 36.6, ATR 3.8 pips, return_3 -0.023%, volatility ratio 1.24
order success=True id=320343496 MT5 position opened buy USDCAD (USDCAD) 0.01 lots
EURUSD side=hold confidence=0.73 reason=AI ensemble buy: probability 0.70 vs 0.00, gap 0.70, validation accuracy 64.8%, precision 58.6%, models 1, rows 214; RSI 50.6, ADX 29.6, ATR 3.6 pips, return_3 0.049%, volatility ratio 1.25; technical confirmation agrees; adaptive memory blocked buy: 51 trades, win rate 62.7%, profit -8.54; needs confidence 0.81 and score 9
GBPUSD side=hold confidence=0.48 reason=AI ensemble buy: probability 0.48 vs 0.00, gap 0.48, validation accuracy 60.4%, precision 80.0%, models 1, rows 211; RSI 58.4, ADX 21.3, ATR 4.7 pips, return_3 0.067%, volatility ratio 1.39; probability below 0.68
USDJPY side=hold confidence=0.91 reason=AI provisional sell: no strict validation-qualified models; probability 0.91 vs 0.06, gap 0.85, validation accuracy 27.4%, precision 27.9%, models 6, rows 214; RSI 44.7, ADX 16.6, ATR 2.3 pips, return_3 -0.024%, volatility ratio 1.45; provisional validation accuracy below 0.45
USDCHF side=hold confidence=0.16 reason=AI ensemble sell: probability 0.16 vs 0.00, gap 0.16, validation accuracy 66.8%, precision 89.9%, models 2, rows 214; RSI 45.5, ADX 20.8, ATR 3.1 pips, return_3 -0.050%, volatility ratio 1.24; probability below 0.68
AUDUSD side=hold confidence=0.10 reason=AI ensemble sell: probability 0.10 vs 0.00, gap 0.10, validation accuracy 81.5%, precision 100.0%, models 1, rows 214; RSI 44.8, ADX 27.0, ATR 3.6 pips, return_3 0.074%, volatility ratio 1.54; probability below 0.68
USDCAD side=hold confidence=0.42 reason=AI ensemble buy: probability 0.42 vs 0.25, gap 0.16, validation accuracy 80.8%, precision 68.8%, models 3, rows 211; RSI 68.0, ADX 35.1, ATR 3.6 pips, return_3 -0.001%, volatility ratio 0.97; probability below 0.68
EURUSD side=hold confidence=0.73 reason=AI ensemble buy: probability 0.78 vs 0.00, gap 0.78, validation accuracy 64.8%, precision 58.6%, models 1, rows 214; RSI 46.4, ADX 29.6, ATR 3.8 pips, return_3 0.029%, volatility ratio 1.27; technical confirmation disagrees; adaptive memory blocked buy: 51 trades, win rate 62.7%, profit -8.54; needs confidence 0.81 and score 9
GBPUSD side=hold confidence=0.64 reason=AI ensemble buy: probability 0.64 vs 0.00, gap 0.64, validation accuracy 62.3%, precision 80.0%, models 1, rows 211; RSI 53.8, ADX 21.3, ATR 4.9 pips, return_3 0.049%, volatility ratio 1.40; probability below 0.68
USDJPY side=hold confidence=0.92 reason=AI provisional sell: no strict validation-qualified models; probability 0.92 vs 0.07, gap 0.85, validation accuracy 26.2%, precision 26.6%, models 6, rows 214; RSI 50.4, ADX 16.6, ATR 2.4 pips, return_3 -0.016%, volatility ratio 1.47; provisional validation accuracy below 0.45
USDCHF side=hold confidence=0.21 reason=AI ensemble sell: probability 0.21 vs 0.00, gap 0.21, validation accuracy 66.0%, precision 89.8%, models 2, rows 214; RSI 48.3, ADX 20.8, ATR 3.2 pips, return_3 -0.038%, volatility ratio 1.25; probability below 0.68
AUDUSD side=hold confidence=0.08 reason=AI ensemble sell: probability 0.08 vs 0.00, gap 0.08, validation accuracy 81.5%, precision 100.0%, models 1, rows 214; RSI 46.0, ADX 27.0, ATR 3.7 pips, return_3 0.084%, volatility ratio 1.54; probability below 0.68
USDCAD side=hold confidence=0.41 reason=AI ensemble buy: probability 0.41 vs 0.25, gap 0.15, validation accuracy 80.8%, precision 68.8%, models 3, rows 211; RSI 69.2, ADX 35.1, ATR 3.7 pips, return_3 0.004%, volatility ratio 0.97; probability below 0.68
exit success=True symbol=USDCAD profit=0.33 reason=bot money profit exit 0.33
EURUSD side=hold confidence=0.72 reason=AI ensemble buy: probability 0.72 vs 0.00, gap 0.72, validation accuracy 64.8%, precision 58.6%, models 1, rows 214; RSI 47.1, ADX 29.6, ATR 3.8 pips, return_3 0.033%, volatility ratio 1.26; confidence below 0.72
GBPUSD side=hold confidence=0.73 reason=AI ensemble buy: probability 0.70 vs 0.00, gap 0.70, validation accuracy 62.3%, precision 80.0%, models 1, rows 211; RSI 52.2, ADX 21.3, ATR 5.0 pips, return_3 0.041%, volatility ratio 1.41; technical confirmation agrees; adaptive memory blocked buy: 59 trades, win rate 52.5%, profit -17.05; needs confidence 0.84 and score 9
USDJPY side=hold confidence=0.93 reason=AI provisional sell: no strict validation-qualified models; probability 0.93 vs 0.07, gap 0.86, validation accuracy 26.2%, precision 26.6%, models 6, rows 214; RSI 52.3, ADX 16.6, ATR 2.4 pips, return_3 -0.012%, volatility ratio 1.48; provisional validation accuracy below 0.45
USDCHF side=hold confidence=0.17 reason=AI ensemble sell: probability 0.17 vs 0.00, gap 0.17, validation accuracy 66.8%, precision 89.9%, models 2, rows 214; RSI 46.1, ADX 20.8, ATR 3.2 pips, return_3 -0.048%, volatility ratio 1.24; probability below 0.68
AUDUSD side=hold confidence=0.08 reason=AI ensemble sell: probability 0.08 vs 0.00, gap 0.08, validation accuracy 81.5%, precision 100.0%, models 1, rows 214; RSI 45.3, ADX 27.0, ATR 3.7 pips, return_3 0.078%, volatility ratio 1.54; probability below 0.68
USDCAD side=hold confidence=0.44 reason=AI ensemble buy: probability 0.44 vs 0.28, gap 0.16, validation accuracy 80.8%, precision 68.8%, models 3, rows 211; RSI 69.3, ADX 35.2, ATR 3.8 pips, return_3 0.005%, volatility ratio 0.97; probability below 0.68
EURUSD side=hold confidence=0.65 reason=AI ensemble buy: probability 0.70 vs 0.00, gap 0.70, validation accuracy 64.8%, precision 58.6%, models 1, rows 214; RSI 45.5, ADX 29.6, ATR 3.8 pips, return_3 0.025%, volatility ratio 1.27; technical confirmation disagrees; confidence below 0.72
GBPUSD side=hold confidence=0.82 reason=AI ensemble buy: probability 0.79 vs 0.00, gap 0.79, validation accuracy 62.3%, precision 80.0%, models 1, rows 211; RSI 49.2, ADX 21.3, ATR 5.1 pips, return_3 0.027%, volatility ratio 1.43; technical confirmation agrees; adaptive memory blocked buy: 59 trades, win rate 52.5%, profit -17.05; needs confidence 0.84 and score 9
USDJPY side=hold confidence=0.95 reason=AI provisional sell: no strict validation-qualified models; probability 0.95 vs 0.06, gap 0.89, validation accuracy 26.2%, precision 26.6%, models 6, rows 214; RSI 55.1, ADX 16.6, ATR 2.4 pips, return_3 -0.007%, volatility ratio 1.51; provisional validation accuracy below 0.45
USDCHF side=hold confidence=0.17 reason=AI ensemble sell: probability 0.17 vs 0.00, gap 0.17, validation accuracy 66.8%, precision 89.9%, models 2, rows 214; RSI 46.3, ADX 20.8, ATR 3.3 pips, return_3 -0.046%, volatility ratio 1.24; probability below 0.68
AUDUSD side=hold confidence=0.07 reason=AI ensemble sell: probability 0.07 vs 0.00, gap 0.07, validation accuracy 81.5%, precision 100.0%, models 1, rows 214; RSI 44.5, ADX 27.0, ATR 3.7 pips, return_3 0.071%, volatility ratio 1.54; probability below 0.68
USDCAD side=hold confidence=0.44 reason=AI ensemble buy: probability 0.44 vs 0.28, gap 0.16, validation accuracy 80.8%, precision 68.8%, models 3, rows 211; RSI 70.5, ADX 35.3, ATR 3.8 pips, return_3 0.011%, volatility ratio 0.98; probability below 0.68
EURUSD side=hold confidence=0.59 reason=AI ensemble buy: probability 0.59 vs 0.00, gap 0.59, validation accuracy 64.8%, precision 58.6%, models 1, rows 214; RSI 48.7, ADX 29.6, ATR 3.9 pips, return_3 0.041%, volatility ratio 1.25; probability below 0.68
GBPUSD side=hold confidence=0.81 reason=AI ensemble buy: probability 0.78 vs 0.00, gap 0.78, validation accuracy 62.3%, precision 80.0%, models 1, rows 211; RSI 50.7, ADX 21.3, ATR 5.2 pips, return_3 0.034%, volatility ratio 1.41; technical confirmation agrees; adaptive memory blocked buy: 59 trades, win rate 52.5%, profit -17.05; needs confidence 0.84 and score 9
USDJPY side=hold confidence=0.96 reason=AI provisional sell: no strict validation-qualified models; probability 0.96 vs 0.06, gap 0.89, validation accuracy 25.5%, precision 26.0%, models 6, rows 214; RSI 56.1, ADX 16.6, ATR 2.4 pips, return_3 -0.006%, volatility ratio 1.52; provisional validation accuracy below 0.45
USDCHF side=hold confidence=0.15 reason=AI ensemble sell: probability 0.15 vs 0.00, gap 0.15, validation accuracy 66.8%, precision 89.9%, models 2, rows 214; RSI 46.3, ADX 20.8, ATR 3.3 pips, return_3 -0.046%, volatility ratio 1.24; probability below 0.68
AUDUSD side=hold confidence=0.06 reason=AI ensemble sell: probability 0.06 vs 0.00, gap 0.06, validation accuracy 81.5%, precision 100.0%, models 1, rows 214; RSI 45.5, ADX 27.0, ATR 3.7 pips, return_3 0.079%, volatility ratio 1.54; probability below 0.68
USDCAD side=hold confidence=0.44 reason=AI ensemble buy: probability 0.44 vs 0.28, gap 0.16, validation accuracy 80.8%, precision 68.8%, models 3, rows 211; RSI 72.0, ADX 35.4, ATR 3.8 pips, return_3 0.019%, volatility ratio 1.01; probability below 0.68
EURUSD side=hold confidence=0.68 reason=AI provisional buy: no strict validation-qualified models; probability 0.68 vs 0.10, gap 0.58, validation accuracy 43.1%, precision 58.7%, models 6, rows 214; RSI 43.8, ADX 28.4, ATR 3.7 pips, return_3 0.016%, volatility ratio 1.32; provisional validation accuracy below 0.45
GBPUSD side=hold confidence=0.60 reason=AI ensemble buy: probability 0.60 vs 0.00, gap 0.60, validation accuracy 56.0%, precision 66.3%, models 2, rows 214; RSI 47.2, ADX 21.3, ATR 4.9 pips, return_3 0.019%, volatility ratio 1.46; probability below 0.68
USDJPY side=hold confidence=0.97 reason=AI provisional sell: no strict validation-qualified models; probability 0.97 vs 0.03, gap 0.95, validation accuracy 23.6%, precision 23.6%, models 6, rows 214; RSI 58.8, ADX 17.1, ATR 2.4 pips, return_3 -0.006%, volatility ratio 1.53; provisional validation accuracy below 0.45
USDCHF side=hold confidence=0.40 reason=AI ensemble buy: probability 0.40 vs 0.16, gap 0.24, validation accuracy 72.2%, precision 75.0%, models 3, rows 214; RSI 50.0, ADX 21.8, ATR 3.1 pips, return_3 -0.038%, volatility ratio 1.27; probability below 0.68
AUDUSD side=hold confidence=0.40 reason=AI provisional sell: no strict validation-qualified models; probability 0.40 vs 0.15, gap 0.25, validation accuracy 39.9%, precision 34.1%, models 6, rows 214; RSI 45.3, ADX 25.7, ATR 3.6 pips, return_3 0.091%, volatility ratio 1.54; provisional validation accuracy below 0.45
USDCAD side=hold confidence=0.57 reason=AI ensemble buy: probability 0.57 vs 0.16, gap 0.41, validation accuracy 80.8%, precision 70.6%, models 2, rows 205; RSI 68.8, ADX 34.7, ATR 3.7 pips, return_3 0.009%, volatility ratio 1.08; probability below 0.68
EURUSD side=hold confidence=0.66 reason=AI provisional buy: no strict validation-qualified models; probability 0.66 vs 0.11, gap 0.55, validation accuracy 43.1%, precision 58.7%, models 6, rows 214; RSI 46.1, ADX 28.4, ATR 3.8 pips, return_3 0.027%, volatility ratio 1.33; provisional validation accuracy below 0.45
GBPUSD side=hold confidence=0.63 reason=AI ensemble buy: probability 0.63 vs 0.00, gap 0.63, validation accuracy 56.0%, precision 66.3%, models 2, rows 214; RSI 47.7, ADX 21.3, ATR 5.0 pips, return_3 0.021%, volatility ratio 1.46; probability below 0.68
USDJPY side=hold confidence=0.97 reason=AI provisional sell: no strict validation-qualified models; probability 0.97 vs 0.03, gap 0.94, validation accuracy 23.6%, precision 23.6%, models 6, rows 214; RSI 58.5, ADX 17.0, ATR 2.4 pips, return_3 -0.006%, volatility ratio 1.53; provisional validation accuracy below 0.45
USDCHF side=hold confidence=0.47 reason=AI ensemble buy: probability 0.47 vs 0.18, gap 0.28, validation accuracy 72.2%, precision 75.0%, models 3, rows 214; RSI 50.3, ADX 21.5, ATR 3.2 pips, return_3 -0.036%, volatility ratio 1.27; probability below 0.68
AUDUSD side=hold confidence=0.35 reason=AI provisional sell: no strict validation-qualified models; probability 0.35 vs 0.19, gap 0.16, validation accuracy 39.9%, precision 34.1%, models 6, rows 214; RSI 44.8, ADX 25.7, ATR 3.6 pips, return_3 0.088%, volatility ratio 1.54; provisional validation accuracy below 0.45
USDCAD side=hold confidence=0.71 reason=AI ensemble buy: probability 0.71 vs 0.12, gap 0.58, validation accuracy 80.8%, precision 70.6%, models 2, rows 205; RSI 66.1, ADX 34.7, ATR 3.8 pips, return_3 0.002%, volatility ratio 1.13; confidence below 0.72
EURUSD side=hold confidence=0.64 reason=AI provisional buy: no strict validation-qualified models; probability 0.64 vs 0.14, gap 0.50, validation accuracy 43.1%, precision 58.7%, models 6, rows 214; RSI 43.8, ADX 28.4, ATR 3.8 pips, return_3 0.016%, volatility ratio 1.32; provisional validation accuracy below 0.45
GBPUSD side=hold confidence=0.64 reason=AI ensemble buy: probability 0.69 vs 0.00, gap 0.69, validation accuracy 56.0%, precision 66.3%, models 2, rows 214; RSI 46.1, ADX 21.3, ATR 5.0 pips, return_3 0.013%, volatility ratio 1.45; technical confirmation disagrees; confidence below 0.72
USDJPY side=hold confidence=0.97 reason=AI provisional sell: no strict validation-qualified models; probability 0.97 vs 0.04, gap 0.94, validation accuracy 23.6%, precision 23.6%, models 6, rows 214; RSI 59.7, ADX 17.0, ATR 2.4 pips, return_3 -0.004%, volatility ratio 1.53; provisional validation accuracy below 0.45
USDCHF side=hold confidence=0.56 reason=AI ensemble buy: probability 0.56 vs 0.18, gap 0.37, validation accuracy 72.2%, precision 75.0%, models 3, rows 214; RSI 53.2, ADX 21.4, ATR 3.2 pips, return_3 -0.021%, volatility ratio 1.27; probability below 0.68
AUDUSD side=hold confidence=0.33 reason=AI provisional sell: no strict validation-qualified models; probability 0.33 vs 0.20, gap 0.13, validation accuracy 39.9%, precision 34.1%, models 6, rows 214; RSI 41.3, ADX 25.5, ATR 3.7 pips, return_3 0.060%, volatility ratio 1.52; provisional validation accuracy below 0.45
USDCAD side=hold confidence=0.52 reason=AI ensemble buy: probability 0.52 vs 0.08, gap 0.44, validation accuracy 80.8%, precision 70.6%, models 2, rows 205; RSI 72.8, ADX 34.7, ATR 3.8 pips, return_3 0.018%, volatility ratio 1.03; probability below 0.68
EURUSD side=hold confidence=0.63 reason=AI provisional buy: no strict validation-qualified models; probability 0.63 vs 0.14, gap 0.49, validation accuracy 43.1%, precision 58.7%, models 6, rows 214; RSI 44.8, ADX 28.3, ATR 3.8 pips, return_3 0.021%, volatility ratio 1.32; provisional validation accuracy below 0.45
GBPUSD side=hold confidence=0.64 reason=AI ensemble buy: probability 0.64 vs 0.00, gap 0.64, validation accuracy 56.0%, precision 66.3%, models 2, rows 214; RSI 47.7, ADX 21.3, ATR 5.0 pips, return_3 0.021%, volatility ratio 1.46; probability below 0.68
USDJPY side=hold confidence=0.97 reason=AI provisional sell: no strict validation-qualified models; probability 0.97 vs 0.05, gap 0.91, validation accuracy 23.6%, precision 23.6%, models 6, rows 214; RSI 58.5, ADX 16.9, ATR 2.4 pips, return_3 -0.006%, volatility ratio 1.53; provisional validation accuracy below 0.45
USDCHF side=hold confidence=0.40 reason=AI ensemble buy: probability 0.40 vs 0.24, gap 0.16, validation accuracy 72.2%, precision 75.0%, models 3, rows 214; RSI 53.5, ADX 20.8, ATR 3.3 pips, return_3 -0.020%, volatility ratio 1.27; probability below 0.68
AUDUSD side=hold confidence=0.30 reason=AI provisional sell: no strict validation-qualified models; probability 0.30 vs 0.27, gap 0.03, validation accuracy 39.9%, precision 34.1%, models 6, rows 214; RSI 41.3, ADX 25.3, ATR 3.7 pips, return_3 0.060%, volatility ratio 1.52; provisional validation accuracy below 0.45
USDCAD side=hold confidence=0.65 reason=AI ensemble buy: probability 0.65 vs 0.09, gap 0.56, validation accuracy 80.8%, precision 70.6%, models 2, rows 205; RSI 69.5, ADX 34.8, ATR 3.8 pips, return_3 0.010%, volatility ratio 1.07; probability below 0.68
EURUSD side=hold confidence=0.61 reason=AI provisional buy: no strict validation-qualified models; probability 0.61 vs 0.15, gap 0.46, validation accuracy 43.1%, precision 58.7%, models 6, rows 214; RSI 45.0, ADX 28.3, ATR 3.8 pips, return_3 0.022%, volatility ratio 1.32; provisional validation accuracy below 0.45
GBPUSD side=hold confidence=0.60 reason=AI ensemble buy: probability 0.60 vs 0.00, gap 0.60, validation accuracy 56.0%, precision 66.3%, models 2, rows 214; RSI 48.5, ADX 21.3, ATR 5.0 pips, return_3 0.025%, volatility ratio 1.46; probability below 0.68
USDJPY side=hold confidence=0.95 reason=AI provisional sell: no strict validation-qualified models; probability 0.95 vs 0.08, gap 0.88, validation accuracy 24.3%, precision 24.3%, models 6, rows 214; RSI 57.3, ADX 16.9, ATR 2.4 pips, return_3 -0.009%, volatility ratio 1.53; provisional validation accuracy below 0.45
USDCHF side=hold confidence=0.41 reason=AI ensemble buy: probability 0.41 vs 0.23, gap 0.17, validation accuracy 72.2%, precision 75.0%, models 3, rows 214; RSI 54.1, ADX 20.8, ATR 3.3 pips, return_3 -0.016%, volatility ratio 1.28; probability below 0.68
AUDUSD side=hold confidence=0.30 reason=AI provisional sell: no strict validation-qualified models; probability 0.30 vs 0.29, gap 0.01, validation accuracy 39.9%, precision 34.1%, models 6, rows 214; RSI 40.0, ADX 25.2, ATR 3.7 pips, return_3 0.047%, volatility ratio 1.52; provisional validation accuracy below 0.45
USDCAD side=hold confidence=0.57 reason=AI ensemble buy: probability 0.57 vs 0.07, gap 0.49, validation accuracy 80.8%, precision 70.6%, models 2, rows 205; RSI 72.9, ADX 34.8, ATR 3.8 pips, return_3 0.019%, volatility ratio 1.03; probability below 0.68
EURUSD side=hold confidence=0.68 reason=AI provisional buy: no strict validation-qualified models; probability 0.68 vs 0.11, gap 0.56, validation accuracy 46.8%, precision 85.8%, models 6, rows 214; RSI 48.0, ADX 27.2, ATR 3.8 pips, return_3 -0.022%, volatility ratio 1.39; probability below 0.78
GBPUSD side=hold confidence=0.49 reason=AI ensemble buy: probability 0.49 vs 0.00, gap 0.49, validation accuracy 57.8%, precision 71.0%, models 2, rows 214; RSI 48.1, ADX 21.4, ATR 4.8 pips, return_3 -0.047%, volatility ratio 1.47; probability below 0.68
USDJPY side=hold confidence=0.93 reason=AI provisional sell: no strict validation-qualified models; probability 0.93 vs 0.03, gap 0.90, validation accuracy 24.7%, precision 23.0%, models 6, rows 214; RSI 53.2, ADX 17.4, ATR 2.4 pips, return_3 0.014%, volatility ratio 1.54; provisional validation accuracy below 0.45
USDCHF side=hold confidence=0.30 reason=AI ensemble sell: probability 0.30 vs 0.12, gap 0.18, validation accuracy 67.1%, precision 100.0%, models 3, rows 214; RSI 52.0, ADX 20.8, ATR 3.2 pips, return_3 0.040%, volatility ratio 1.36; probability below 0.68
AUDUSD side=hold confidence=0.51 reason=AI provisional sell: no strict validation-qualified models; probability 0.51 vs 0.09, gap 0.42, validation accuracy 36.6%, precision 34.8%, models 6, rows 214; RSI 43.9, ADX 23.5, ATR 3.7 pips, return_3 -0.041%, volatility ratio 1.56; provisional validation accuracy below 0.45
USDCAD side=hold confidence=0.79 reason=AI ensemble buy: probability 0.76 vs 0.12, gap 0.64, validation accuracy 82.7%, precision 68.4%, models 2, rows 205; RSI 65.9, ADX 34.1, ATR 3.7 pips, return_3 0.019%, volatility ratio 1.12; technical confirmation agrees; adaptive memory blocked buy: 23 trades, win rate 65.2%, profit -0.18; needs confidence 0.81 and score 9
EURUSD side=hold confidence=0.66 reason=AI provisional buy: no strict validation-qualified models; probability 0.66 vs 0.12, gap 0.53, validation accuracy 46.8%, precision 85.8%, models 6, rows 214; RSI 47.3, ADX 27.2, ATR 3.8 pips, return_3 -0.026%, volatility ratio 1.38; probability below 0.78
GBPUSD side=hold confidence=0.50 reason=AI ensemble buy: probability 0.50 vs 0.00, gap 0.50, validation accuracy 57.8%, precision 71.0%, models 2, rows 214; RSI 48.3, ADX 21.3, ATR 4.9 pips, return_3 -0.046%, volatility ratio 1.47; probability below 0.68
USDJPY side=hold confidence=0.93 reason=AI provisional sell: no strict validation-qualified models; probability 0.93 vs 0.04, gap 0.90, validation accuracy 24.7%, precision 23.0%, models 6, rows 214; RSI 55.7, ADX 17.4, ATR 2.4 pips, return_3 0.017%, volatility ratio 1.54; provisional validation accuracy below 0.45
USDCHF side=hold confidence=0.29 reason=AI ensemble sell: probability 0.29 vs 0.12, gap 0.17, validation accuracy 67.1%, precision 100.0%, models 3, rows 214; RSI 52.0, ADX 20.8, ATR 3.2 pips, return_3 0.040%, volatility ratio 1.36; probability below 0.68
AUDUSD side=hold confidence=0.49 reason=AI provisional sell: no strict validation-qualified models; probability 0.49 vs 0.12, gap 0.37, validation accuracy 36.6%, precision 34.8%, models 6, rows 214; RSI 45.1, ADX 23.5, ATR 3.8 pips, return_3 -0.033%, volatility ratio 1.57; provisional validation accuracy below 0.45
USDCAD side=hold confidence=0.81 reason=AI ensemble buy: probability 0.78 vs 0.11, gap 0.66, validation accuracy 82.7%, precision 68.4%, models 2, rows 205; RSI 65.6, ADX 34.1, ATR 3.7 pips, return_3 0.019%, volatility ratio 1.12; technical confirmation agrees; adaptive memory blocked buy: 23 trades, win rate 65.2%, profit -0.18; needs confidence 0.81 and score 9
EURUSD side=buy confidence=0.88 reason=AI ensemble buy: probability 0.85 vs 0.00, gap 0.85, validation accuracy 54.7%, precision 65.0%, models 1, rows 211; RSI 50.2, ADX 27.5, ATR 3.8 pips, return_3 -0.012%, volatility ratio 1.41; technical confirmation agrees
GBPUSD side=hold confidence=0.54 reason=AI ensemble buy: probability 0.54 vs 0.00, gap 0.54, validation accuracy 58.3%, precision 87.2%, models 2, rows 214; RSI 49.8, ADX 21.6, ATR 5.0 pips, return_3 -0.039%, volatility ratio 1.48; probability below 0.68
USDJPY side=hold confidence=0.92 reason=AI provisional sell: no strict validation-qualified models; probability 0.92 vs 0.05, gap 0.87, validation accuracy 24.7%, precision 23.0%, models 6, rows 214; RSI 54.0, ADX 17.5, ATR 2.4 pips, return_3 0.015%, volatility ratio 1.54; provisional validation accuracy below 0.45
USDCHF side=hold confidence=0.30 reason=AI ensemble sell: probability 0.30 vs 0.15, gap 0.16, validation accuracy 67.1%, precision 100.0%, models 3, rows 214; RSI 51.5, ADX 20.8, ATR 3.2 pips, return_3 0.038%, volatility ratio 1.36; probability below 0.68
AUDUSD side=hold confidence=0.47 reason=AI provisional sell: no strict validation-qualified models; probability 0.47 vs 0.15, gap 0.33, validation accuracy 36.9%, precision 34.7%, models 6, rows 214; RSI 47.9, ADX 23.4, ATR 3.9 pips, return_3 -0.010%, volatility ratio 1.59; provisional validation accuracy below 0.45
USDCAD side=buy confidence=0.83 reason=AI ensemble buy: probability 0.80 vs 0.09, gap 0.70, validation accuracy 82.7%, precision 68.4%, models 2, rows 205; RSI 65.3, ADX 34.1, ATR 3.8 pips, return_3 0.018%, volatility ratio 1.13; technical confirmation agrees
order success=True id=320359003 MT5 position opened buy EURUSD (EURUSD) 0.01 lots
order success=True id=320359020 MT5 position opened buy USDCAD (USDCAD) 0.01 lots
EURUSD side=buy confidence=0.83 reason=AI ensemble buy: probability 0.80 vs 0.00, gap 0.80, validation accuracy 54.7%, precision 65.0%, models 1, rows 211; RSI 54.0, ADX 28.2, ATR 4.1 pips, return_3 0.010%, volatility ratio 1.47; technical confirmation agrees